1	What	_	_	_	_	_	_	0	0	_	_	_	_	R-ARG0
2	if	_	_	_	_	_	_	0	0	_	_	_	_	R-ARG0
3	Google	_	_	_	_	_	_	0	0	_	_	_	_	R-ARG0
4	Morphed	_	_	_	_	_	_	0	0	_	_	Y	V.01	R-ARG0
5	Into	_	_	_	_	_	_	0	0	_	_	_	_	R-ARG0
6	GoogleOS	_	_	_	_	_	_	0	0	_	_	_	_	R-ARG0
7	?	_	_	_	_	_	_	0	0	_	_	_	_	R-ARG0

1	What	_	_	_	_	_	_	20	20	_	_	_	_	R-ARG0
2	if	_	_	_	_	_	_	20	20	_	_	_	_	R-ARG0
3	Google	_	_	_	_	_	_	20	20	_	_	_	_	R-ARG0
4	expanded	_	_	_	_	_	_	20	20	_	_	Y	V.01	R-ARG0
5	on	_	_	_	_	_	_	20	20	_	_	_	_	R-ARG0
6	its	_	_	_	_	_	_	20	20	_	_	_	_	R-ARG0
7	search	_	_	_	_	_	_	20	20	_	_	_	_	R-ARG0
8	-	_	_	_	_	_	_	20	20	_	_	_	_	R-ARG0
9	engine	_	_	_	_	_	_	20	20	_	_	_	_	R-ARG0
10	(	_	_	_	_	_	_	20	20	_	_	_	_	R-ARG0
11	and	_	_	_	_	_	_	20	20	_	_	_	_	R-ARG0
12	now	_	_	_	_	_	_	20	20	_	_	_	_	R-ARG0
13	e-mail	_	_	_	_	_	_	20	20	_	_	_	_	R-ARG0
14	)	_	_	_	_	_	_	20	20	_	_	_	_	R-ARG0
15	wares	_	_	_	_	_	_	20	20	_	_	_	_	R-ARG0
16	into	_	_	_	_	_	_	20	20	_	_	_	_	R-ARG0
17	a	_	_	_	_	_	_	20	20	_	_	_	_	R-ARG0
18	full	_	_	_	_	_	_	20	20	_	_	_	_	R-ARG0
19	-	_	_	_	_	_	_	20	20	_	_	_	_	R-ARG0
20	fledged	_	_	_	_	_	_	0	0	_	_	_	_	R-ARG0
21	operating	_	_	_	_	_	_	0	0	_	_	_	_	R-ARG0
22	system	_	_	_	_	_	_	0	0	_	_	_	_	R-ARG0
23	?	_	_	_	_	_	_	0	0	_	_	_	_	R-ARG0

1	[	_	_	_	_	_	_	0	0	_	_	_	_	_
2	via	_	_	_	_	_	_	0	0	_	_	_	_	_
3	Microsoft	_	_	_	_	_	_	0	0	_	_	_	_	_
4	Watch	_	_	_	_	_	_	0	0	_	_	_	_	_
5	from	_	_	_	_	_	_	0	0	_	_	_	_	_
6	Mary	_	_	_	_	_	_	0	0	_	_	_	_	_
7	Jo	_	_	_	_	_	_	0	0	_	_	_	_	_
8	Foley	_	_	_	_	_	_	0	0	_	_	_	_	_
9	]	_	_	_	_	_	_	0	0	_	_	_	_	_

1	(	_	_	_	_	_	_	10	10	_	_	_	_	R-ARG0	_	_
2	And	_	_	_	_	_	_	10	10	_	_	_	_	R-ARG0	_	_
3	,	_	_	_	_	_	_	10	10	_	_	_	_	R-ARG0	_	_
4	by	_	_	_	_	_	_	10	10	_	_	_	_	R-ARG0	_	_
5	the	_	_	_	_	_	_	10	10	_	_	_	_	R-ARG0	_	_
6	way	_	_	_	_	_	_	10	10	_	_	Y	V.01	R-ARG0	_	_
7	,	_	_	_	_	_	_	10	10	_	_	_	_	R-ARG0	_	_
8	is	_	_	_	_	_	_	10	10	_	_	Y	V.01	R-ARG0	_	_
9	anybody	_	_	_	_	_	_	10	10	_	_	_	_	R-ARG0	_	_
10	else	_	_	_	_	_	_	13	13	_	_	_	_	R-ARG0	_	_
11	just	_	_	_	_	_	_	13	13	_	_	_	_	R-ARG0	_	_
12	a	_	_	_	_	_	_	13	13	_	_	_	_	R-ARG0	_	_
13	little	_	_	_	_	_	_	22	22	_	_	_	_	R-ARG0	_	_
14	nostalgic	_	_	_	_	_	_	22	22	_	_	_	_	R-ARG0	_	_
15	for	_	_	_	_	_	_	22	22	_	_	_	_	R-ARG0	_	_
16	the	_	_	_	_	_	_	22	22	_	_	_	_	R-ARG0	_	_
17	days	_	_	_	_	_	_	22	22	_	_	_	_	R-ARG0	_	_
18	when	_	_	_	_	_	_	22	22	_	_	_	_	R-ARG0	_	_
19	that	_	_	_	_	_	_	22	22	_	_	_	_	R-ARG0	_	_
20	was	_	_	_	_	_	_	22	22	_	_	Y	V.01	R-ARG0	_	_
21	a	_	_	_	_	_	_	22	22	_	_	_	_	R-ARG0	_	_
22	good	_	_	_	_	_	_	0	0	_	_	_	_	_	_	R-ARG0
23	thing	_	_	_	_	_	_	0	0	_	_	_	_	_	_	R-ARG0
24	?	_	_	_	_	_	_	0	0	_	_	_	_	_	_	R-ARG0
25	)	_	_	_	_	_	_	0	0	_	_	_	_	_	_	R-ARG0

1	This	_	_	_	_	_	_	0	0	_	_	_	_	_	_	_	_	_	_	_	R-ARG0
2	BuzzMachine	_	_	_	_	_	_	0	0	_	_	_	_	_	_	_	_	_	_	_	R-ARG0
3	post	_	_	_	_	_	_	0	0	_	_	Y	V.01	_	_	_	_	_	_	_	R-ARG0
4	argues	_	_	_	_	_	_	0	0	_	_	Y	V.01	_	_	_	_	_	_	_	R-ARG0
5	that	_	_	_	_	_	_	0	0	_	_	_	_	_	_	_	_	_	_	_	R-ARG0
6	Google	_	_	_	_	_	_	0	0	_	_	_	_	_	_	_	_	_	_	_	R-ARG0
7	's	_	_	_	_	_	_	0	0	_	_	_	_	_	_	_	_	_	_	_	R-ARG0
8	rush	_	_	_	_	_	_	0	0	_	_	Y	V.01	_	_	_	_	_	_	_	R-ARG0
9	toward	_	_	_	_	_	_	0	0	_	_	_	_	_	_	_	_	_	_	_	R-ARG0
10	ubiquity	_	_	_	_	_	_	0	0	_	_	_	_	_	_	_	_	_	_	_	R-ARG0
11	might	_	_	_	_	_	_	0	0	_	_	_	_	_	_	_	_	_	_	_	R-ARG0
12	backfire	_	_	_	_	_	_	0	0	_	_	Y	V.01	_	_	_	_	_	_	_	R-ARG0
13	--	_	_	_	_	_	_	0	0	_	_	_	_	_	_	_	_	_	_	_	R-ARG0
14	which	_	_	_	_	_	_	0	0	_	_	_	_	_	_	_	_	_	_	_	R-ARG0
15	we	_	_	_	_	_	_	0	0	_	_	_	_	_	_	_	_	_	_	_	R-ARG0
16	've	_	_	_	_	_	_	0	0	_	_	Y	V.01	_	_	_	_	_	_	_	R-ARG0
17	all	_	_	_	_	_	_	0	0	_	_	_	_	_	_	_	_	_	_	_	R-ARG0
18	heard	_	_	_	_	_	_	0	0	_	_	Y	V.01	_	_	_	_	_	_	_	R-ARG0
19	before	_	_	_	_	_	_	0	0	_	_	_	_	_	_	_	_	_	_	_	R-ARG0
20	,	_	_	_	_	_	_	0	0	_	_	_	_	_	_	_	_	_	_	_	R-ARG0
21	but	_	_	_	_	_	_	0	0	_	_	_	_	_	_	_	_	_	_	_	R-ARG0
22	it	_	_	_	_	_	_	0	0	_	_	_	_	_	_	_	_	_	_	_	R-ARG0
23	's	_	_	_	_	_	_	0	0	_	_	Y	V.01	_	_	_	_	_	_	_	R-ARG0
24	particularly	_	_	_	_	_	_	0	0	_	_	_	_	_	_	_	_	_	_	_	R-ARG0
25	well	_	_	_	_	_	_	0	0	_	_	_	_	_	_	_	_	_	_	_	R-ARG0
26	-	_	_	_	_	_	_	0	0	_	_	_	_	_	_	_	_	_	_	_	R-ARG0
27	put	_	_	_	_	_	_	0	0	_	_	_	_	_	_	_	_	_	_	_	R-ARG0
28	in	_	_	_	_	_	_	0	0	_	_	_	_	_	_	_	_	_	_	_	R-ARG0
29	this	_	_	_	_	_	_	0	0	_	_	_	_	_	_	_	_	_	_	_	R-ARG0
30	post	_	_	_	_	_	_	0	0	_	_	Y	V.01	_	_	_	_	_	_	_	R-ARG0
31	.	_	_	_	_	_	_	0	0	_	_	_	_	_	_	_	_	_	_	_	R-ARG0

1	Google	_	_	_	_	_	_	4	4	_	_	_	_	R-ARG0
2	is	_	_	_	_	_	_	4	4	_	_	Y	V.01	R-ARG0
3	a	_	_	_	_	_	_	4	4	_	_	_	_	R-ARG0
4	nice	_	_	_	_	_	_	0	0	_	_	_	_	R-ARG0
5	search	_	_	_	_	_	_	0	0	_	_	_	_	R-ARG0
6	engine	_	_	_	_	_	_	0	0	_	_	_	_	R-ARG0
7	.	_	_	_	_	_	_	0	0	_	_	_	_	R-ARG0

1	Does	_	_	_	_	_	_	7	7	_	_	Y	V.01	R-ARG0	_
2	anybody	_	_	_	_	_	_	7	7	_	_	_	_	R-ARG0	_
3	use	_	_	_	_	_	_	7	7	_	_	Y	V.01	R-ARG0	_
4	it	_	_	_	_	_	_	7	7	_	_	_	_	R-ARG0	_
5	for	_	_	_	_	_	_	7	7	_	_	_	_	R-ARG0	_
6	anything	_	_	_	_	_	_	7	7	_	_	_	_	R-ARG0	_
7	else	_	_	_	_	_	_	0	0	_	_	_	_	_	R-ARG0
8	?	_	_	_	_	_	_	0	0	_	_	_	_	_	R-ARG0

1	They	_	_	_	_	_	_	0	0	_	_	_	_	R-ARG0
2	own	_	_	_	_	_	_	0	0	_	_	Y	V.01	R-ARG0
3	blogger	_	_	_	_	_	_	0	0	_	_	_	_	R-ARG0
4	,	_	_	_	_	_	_	0	0	_	_	_	_	R-ARG0
5	of	_	_	_	_	_	_	0	0	_	_	_	_	R-ARG0
6	course	_	_	_	_	_	_	0	0	_	_	_	_	R-ARG0
7	.	_	_	_	_	_	_	0	0	_	_	_	_	R-ARG0

1	Is	_	_	_	_	_	_	0	0	_	_	Y	V.01	R-ARG0
2	that	_	_	_	_	_	_	0	0	_	_	_	_	R-ARG0
3	a	_	_	_	_	_	_	0	0	_	_	_	_	R-ARG0
4	money	_	_	_	_	_	_	0	0	_	_	_	_	R-ARG0
5	maker	_	_	_	_	_	_	0	0	_	_	_	_	R-ARG0
6	?	_	_	_	_	_	_	0	0	_	_	_	_	R-ARG0

1	I	_	_	_	_	_	_	0	0	_	_	_	_	_	R-ARG0
2	'm	_	_	_	_	_	_	0	0	_	_	Y	V.03	_	R-ARG0
3	staying	_	_	_	_	_	_	0	0	_	_	Y	V.01	_	R-ARG0
4	away	_	_	_	_	_	_	0	0	_	_	_	_	_	R-ARG0
5	from	_	_	_	_	_	_	0	0	_	_	_	_	_	R-ARG0
6	the	_	_	_	_	_	_	0	0	_	_	_	_	_	R-ARG0
7	stock	_	_	_	_	_	_	0	0	_	_	_	_	_	R-ARG0
8	.	_	_	_	_	_	_	0	0	_	_	_	_	_	R-ARG0

1	I	_	_	_	_	_	_	5	5	_	_	_	_	R-ARG0	_	_	_	_	_
2	doubt	_	_	_	_	_	_	5	5	_	_	Y	V.01	R-ARG0	_	_	_	_	_
3	the	_	_	_	_	_	_	5	5	_	_	_	_	R-ARG0	_	_	_	_	_
4	very	_	_	_	_	_	_	5	5	_	_	_	_	R-ARG0	_	_	_	_	_
5	few	_	_	_	_	_	_	0	0	_	_	_	_	_	_	_	_	_	R-ARG0
6	who	_	_	_	_	_	_	0	0	_	_	_	_	_	_	_	_	_	R-ARG0
7	actually	_	_	_	_	_	_	0	0	_	_	_	_	_	_	_	_	_	R-ARG0
8	read	_	_	_	_	_	_	0	0	_	_	Y	V.01	_	_	_	_	_	R-ARG0
9	my	_	_	_	_	_	_	0	0	_	_	_	_	_	_	_	_	_	R-ARG0
10	blog	_	_	_	_	_	_	0	0	_	_	_	_	_	_	_	_	_	R-ARG0
11	have	_	_	_	_	_	_	0	0	_	_	Y	V.01	_	_	_	_	_	R-ARG0
12	not	_	_	_	_	_	_	0	0	_	_	_	_	_	_	_	_	_	R-ARG0
13	come	_	_	_	_	_	_	0	0	_	_	Y	V.21	_	_	_	_	_	R-ARG0
14	across	_	_	_	_	_	_	0	0	_	_	_	_	_	_	_	_	_	R-ARG0
15	this	_	_	_	_	_	_	0	0	_	_	_	_	_	_	_	_	_	R-ARG0
16	yet	_	_	_	_	_	_	0	0	_	_	_	_	_	_	_	_	_	R-ARG0
17	,	_	_	_	_	_	_	0	0	_	_	_	_	_	_	_	_	_	R-ARG0
18	but	_	_	_	_	_	_	0	0	_	_	_	_	_	_	_	_	_	R-ARG0
19	I	_	_	_	_	_	_	0	0	_	_	_	_	_	_	_	_	_	R-ARG0
20	figured	_	_	_	_	_	_	0	0	_	_	Y	V.01	_	_	_	_	_	R-ARG0
21	I	_	_	_	_	_	_	0	0	_	_	_	_	_	_	_	_	_	R-ARG0
22	would	_	_	_	_	_	_	0	0	_	_	_	_	_	_	_	_	_	R-ARG0
23	put	_	_	_	_	_	_	0	0	_	_	Y	V.01	_	_	_	_	_	R-ARG0
24	it	_	_	_	_	_	_	0	0	_	_	_	_	_	_	_	_	_	R-ARG0
25	out	_	_	_	_	_	_	0	0	_	_	_	_	_	_	_	_	_	R-ARG0
26	there	_	_	_	_	_	_	0	0	_	_	_	_	_	_	_	_	_	R-ARG0
27	anyways	_	_	_	_	_	_	0	0	_	_	_	_	_	_	_	_	_	R-ARG0
28	.	_	_	_	_	_	_	0	0	_	_	_	_	_	_	_	_	_	_

1	John	_	_	_	_	_	_	9	9	_	_	_	_	R-ARG0	_	_	_	_	_
2	Donovan	_	_	_	_	_	_	9	9	_	_	_	_	R-ARG0	_	_	_	_	_
3	from	_	_	_	_	_	_	9	9	_	_	_	_	R-ARG0	_	_	_	_	_
4	Argghhh!	_	_	_	_	_	_	9	9	_	_	_	_	R-ARG0	_	_	_	_	_
5	has	_	_	_	_	_	_	9	9	_	_	Y	V.01	R-ARG0	_	_	_	_	_
6	put	_	_	_	_	_	_	9	9	_	_	Y	V.10	R-ARG0	_	_	_	_	_
7	out	_	_	_	_	_	_	9	9	_	_	_	_	R-ARG0	_	_	_	_	_
8	a	_	_	_	_	_	_	9	9	_	_	_	_	R-ARG0	_	_	_	_	_
9	excellent	_	_	_	_	_	_	0	0	_	_	_	_	_	_	_	_	_	R-ARG0
10	slide	_	_	_	_	_	_	0	0	_	_	_	_	_	_	_	_	_	R-ARG0
11	show	_	_	_	_	_	_	0	0	_	_	Y	V.04	_	_	_	_	_	R-ARG0
12	on	_	_	_	_	_	_	0	0	_	_	_	_	_	_	_	_	_	R-ARG0
13	what	_	_	_	_	_	_	0	0	_	_	_	_	_	_	_	_	_	R-ARG0
14	was	_	_	_	_	_	_	0	0	_	_	Y	V.03	_	_	_	_	_	R-ARG0
15	actually	_	_	_	_	_	_	0	0	_	_	_	_	_	_	_	_	_	R-ARG0
16	found	_	_	_	_	_	_	0	0	_	_	Y	V.01	_	_	_	_	_	R-ARG0
17	and	_	_	_	_	_	_	0	0	_	_	_	_	_	_	_	_	_	R-ARG0
18	fought	_	_	_	_	_	_	0	0	_	_	Y	V.01	_	_	_	_	_	R-ARG0
19	for	_	_	_	_	_	_	0	0	_	_	_	_	_	_	_	_	_	R-ARG0
20	in	_	_	_	_	_	_	0	0	_	_	_	_	_	_	_	_	_	R-ARG0
21	Fallujah	_	_	_	_	_	_	0	0	_	_	_	_	_	_	_	_	_	_
22	.	_	_	_	_	_	_	0	0	_	_	_	_	_	_	_	_	_	_

1	Click	_	_	_	_	_	_	0	0	_	_	Y	V.01	_	R-ARG0
2	here	_	_	_	_	_	_	0	0	_	_	_	_	_	R-ARG0
3	To	_	_	_	_	_	_	0	0	_	_	_	_	_	R-ARG0
4	view	_	_	_	_	_	_	0	0	_	_	Y	V.01	_	R-ARG0
5	it	_	_	_	_	_	_	0	0	_	_	_	_	_	R-ARG0
6	.	_	_	_	_	_	_	0	0	_	_	_	_	_	R-ARG0

1	He	_	_	_	_	_	_	4	4	_	_	_	_	R-ARG0	_
2	makes	_	_	_	_	_	_	4	4	_	_	Y	V.LV	R-ARG0	_
3	some	_	_	_	_	_	_	4	4	_	_	_	_	R-ARG0	_
4	good	_	_	_	_	_	_	8	8	_	_	_	_	R-ARG0	_
5	observations	_	_	_	_	_	_	8	8	_	_	Y	V.01	R-ARG0	_
6	on	_	_	_	_	_	_	8	8	_	_	_	_	R-ARG0	_
7	a	_	_	_	_	_	_	8	8	_	_	_	_	R-ARG0	_
8	few	_	_	_	_	_	_	0	0	_	_	_	_	_	R-ARG0
9	of	_	_	_	_	_	_	0	0	_	_	_	_	_	R-ARG0
10	the	_	_	_	_	_	_	0	0	_	_	_	_	_	R-ARG0
11	pic's	_	_	_	_	_	_	0	0	_	_	_	_	_	R-ARG0
12	.	_	_	_	_	_	_	0	0	_	_	_	_	_	R-ARG0

1	One	_	_	_	_	_	_	0	0	_	_	_	_	_	_	R-ARG0
2	of	_	_	_	_	_	_	0	0	_	_	_	_	_	_	R-ARG0
3	the	_	_	_	_	_	_	0	0	_	_	_	_	_	_	R-ARG0
4	pictures	_	_	_	_	_	_	0	0	_	_	_	_	_	_	R-ARG0
5	shows	_	_	_	_	_	_	0	0	_	_	Y	V.01	_	_	R-ARG0
6	a	_	_	_	_	_	_	0	0	_	_	_	_	_	_	R-ARG0
7	flag	_	_	_	_	_	_	0	0	_	_	_	_	_	_	R-ARG0
8	that	_	_	_	_	_	_	0	0	_	_	_	_	_	_	R-ARG0
9	was	_	_	_	_	_	_	0	0	_	_	Y	V.03	_	_	R-ARG0
10	found	_	_	_	_	_	_	0	0	_	_	Y	V.01	_	_	R-ARG0
11	in	_	_	_	_	_	_	0	0	_	_	_	_	_	_	R-ARG0
12	Fallujah	_	_	_	_	_	_	0	0	_	_	_	_	_	_	_
13	.	_	_	_	_	_	_	0	0	_	_	_	_	_	_	_

1	On	_	_	_	_	_	_	3	3	_	_	_	_	R-ARG0	_
2	the	_	_	_	_	_	_	3	3	_	_	_	_	R-ARG0	_
3	next	_	_	_	_	_	_	0	0	_	_	_	_	_	R-ARG0
4	two	_	_	_	_	_	_	0	0	_	_	_	_	_	R-ARG0
5	pictures	_	_	_	_	_	_	0	0	_	_	_	_	_	R-ARG0
6	he	_	_	_	_	_	_	0	0	_	_	_	_	_	R-ARG0
7	took	_	_	_	_	_	_	0	0	_	_	Y	V.LV	_	R-ARG0
8	screenshots	_	_	_	_	_	_	0	0	_	_	Y	V.01	_	R-ARG0
9	of	_	_	_	_	_	_	0	0	_	_	_	_	_	R-ARG0
10	two	_	_	_	_	_	_	0	0	_	_	_	_	_	R-ARG0
11	beheading	_	_	_	_	_	_	0	0	_	_	_	_	_	R-ARG0
12	video's	_	_	_	_	_	_	0	0	_	_	_	_	_	R-ARG0
13	.	_	_	_	_	_	_	0	0	_	_	_	_	_	R-ARG0

1	Compare	_	_	_	_	_	_	0	0	_	_	Y	V.01	R-ARG0
2	the	_	_	_	_	_	_	0	0	_	_	_	_	R-ARG0
3	flags	_	_	_	_	_	_	0	0	_	_	_	_	R-ARG0
4	to	_	_	_	_	_	_	0	0	_	_	_	_	R-ARG0
5	the	_	_	_	_	_	_	0	0	_	_	_	_	R-ARG0
6	Fallujah	_	_	_	_	_	_	0	0	_	_	_	_	R-ARG0
7	one	_	_	_	_	_	_	0	0	_	_	_	_	R-ARG0
8	.	_	_	_	_	_	_	0	0	_	_	_	_	R-ARG0

1	You	_	_	_	_	_	_	10	10	_	_	_	_	_	_	_	R-ARG0
2	have	_	_	_	_	_	_	10	10	_	_	Y	V.02	_	_	_	R-ARG0
3	to	_	_	_	_	_	_	10	10	_	_	_	_	_	_	_	R-ARG0
4	see	_	_	_	_	_	_	10	10	_	_	Y	V.01	_	_	_	R-ARG0
5	these	_	_	_	_	_	_	10	10	_	_	_	_	_	_	_	R-ARG0
6	slides	_	_	_	_	_	_	10	10	_	_	_	_	_	_	_	R-ARG0
7	....	_	_	_	_	_	_	10	10	_	_	_	_	_	_	_	R-ARG0
8	they	_	_	_	_	_	_	10	10	_	_	_	_	_	_	_	R-ARG0
9	are	_	_	_	_	_	_	10	10	_	_	Y	V.01	_	_	_	R-ARG0
10	amazing	_	_	_	_	_	_	0	0	_	_	Y	V.01	_	_	_	R-ARG0
11	.	_	_	_	_	_	_	0	0	_	_	_	_	_	_	_	_

1	This	_	_	_	_	_	_	11	11	_	_	_	_	R-ARG0	_	_	_	_	_	_
2	Fallujah	_	_	_	_	_	_	11	11	_	_	_	_	R-ARG0	_	_	_	_	_	_
3	operation	_	_	_	_	_	_	11	11	_	_	Y	V.01	R-ARG0	_	_	_	_	_	_
4	my	_	_	_	_	_	_	11	11	_	_	_	_	R-ARG0	_	_	_	_	_	_
5	turn	_	_	_	_	_	_	11	11	_	_	Y	V.11	R-ARG0	_	_	_	_	_	_
6	out	_	_	_	_	_	_	11	11	_	_	_	_	R-ARG0	_	_	_	_	_	_
7	to	_	_	_	_	_	_	11	11	_	_	_	_	R-ARG0	_	_	_	_	_	_
8	be	_	_	_	_	_	_	11	11	_	_	Y	V.01	R-ARG0	_	_	_	_	_	_
9	the	_	_	_	_	_	_	11	11	_	_	_	_	R-ARG0	_	_	_	_	_	_
10	most	_	_	_	_	_	_	11	11	_	_	_	_	R-ARG0	_	_	_	_	_	_
11	important	_	_	_	_	_	_	0	0	_	_	_	_	_	_	_	_	_	_	R-ARG0
12	operation	_	_	_	_	_	_	0	0	_	_	Y	V.01	_	_	_	_	_	_	R-ARG0
13	done	_	_	_	_	_	_	0	0	_	_	Y	V.02	_	_	_	_	_	_	R-ARG0
14	by	_	_	_	_	_	_	0	0	_	_	_	_	_	_	_	_	_	_	R-ARG0
15	the	_	_	_	_	_	_	0	0	_	_	_	_	_	_	_	_	_	_	R-ARG0
16	US	_	_	_	_	_	_	0	0	_	_	_	_	_	_	_	_	_	_	R-ARG0
17	Military	_	_	_	_	_	_	0	0	_	_	_	_	_	_	_	_	_	_	R-ARG0
18	since	_	_	_	_	_	_	0	0	_	_	_	_	_	_	_	_	_	_	R-ARG0
19	the	_	_	_	_	_	_	0	0	_	_	_	_	_	_	_	_	_	_	R-ARG0
20	end	_	_	_	_	_	_	0	0	_	_	Y	V.01	_	_	_	_	_	_	R-ARG0
21	of	_	_	_	_	_	_	0	0	_	_	_	_	_	_	_	_	_	_	R-ARG0
22	the	_	_	_	_	_	_	0	0	_	_	_	_	_	_	_	_	_	_	R-ARG0
23	war	_	_	_	_	_	_	0	0	_	_	Y	V.01	_	_	_	_	_	_	R-ARG0
24	.	_	_	_	_	_	_	0	0	_	_	_	_	_	_	_	_	_	_	R-ARG0

1	Let	_	_	_	_	_	_	11	11	_	_	Y	V.01	R-ARG0	_	_	_	_	_	_	_
2	me	_	_	_	_	_	_	11	11	_	_	_	_	R-ARG0	_	_	_	_	_	_	_
3	join	_	_	_	_	_	_	11	11	_	_	Y	V.04	R-ARG0	_	_	_	_	_	_	_
4	the	_	_	_	_	_	_	11	11	_	_	_	_	R-ARG0	_	_	_	_	_	_	_
5	chorus	_	_	_	_	_	_	11	11	_	_	Y	V.01	R-ARG0	_	_	_	_	_	_	_
6	of	_	_	_	_	_	_	11	11	_	_	_	_	R-ARG0	_	_	_	_	_	_	_
7	annoyance	_	_	_	_	_	_	11	11	_	_	_	_	R-ARG0	_	_	_	_	_	_	_
8	over	_	_	_	_	_	_	11	11	_	_	_	_	R-ARG0	_	_	_	_	_	_	_
9	Google	_	_	_	_	_	_	11	11	_	_	_	_	R-ARG0	_	_	_	_	_	_	_
10	's	_	_	_	_	_	_	11	11	_	_	_	_	R-ARG0	_	_	_	_	_	_	_
11	new	_	_	_	_	_	_	29	29	_	_	_	_	R-ARG0	_	_	_	_	_	_	_
12	toolbar	_	_	_	_	_	_	29	29	_	_	_	_	R-ARG0	_	_	_	_	_	_	_
13	,	_	_	_	_	_	_	29	29	_	_	_	_	R-ARG0	_	_	_	_	_	_	_
14	which	_	_	_	_	_	_	29	29	_	_	_	_	R-ARG0	_	_	_	_	_	_	_
15	,	_	_	_	_	_	_	29	29	_	_	_	_	R-ARG0	_	_	_	_	_	_	_
16	as	_	_	_	_	_	_	29	29	_	_	_	_	R-ARG0	_	_	_	_	_	_	_
17	noted	_	_	_	_	_	_	29	29	_	_	Y	V.01	R-ARG0	_	_	_	_	_	_	_
18	in	_	_	_	_	_	_	29	29	_	_	_	_	R-ARG0	_	_	_	_	_	_	_
19	the	_	_	_	_	_	_	29	29	_	_	_	_	R-ARG0	_	_	_	_	_	_	_
20	linked	_	_	_	_	_	_	29	29	_	_	Y	V.01	R-ARG0	_	_	_	_	_	_	_
21	article	_	_	_	_	_	_	29	29	_	_	_	_	R-ARG0	_	_	_	_	_	_	_
22	,	_	_	_	_	_	_	29	29	_	_	_	_	R-ARG0	_	_	_	_	_	_	_
23	commits	_	_	_	_	_	_	29	29	_	_	Y	V.02	R-ARG0	_	_	_	_	_	_	_
24	just	_	_	_	_	_	_	29	29	_	_	_	_	R-ARG0	_	_	_	_	_	_	_
25	about	_	_	_	_	_	_	29	29	_	_	_	_	R-ARG0	_	_	_	_	_	_	_
26	every	_	_	_	_	_	_	29	29	_	_	_	_	R-ARG0	_	_	_	_	_	_	_
27	sin	_	_	_	_	_	_	29	29	_	_	_	_	R-ARG0	_	_	_	_	_	_	_
28	an	_	_	_	_	_	_	29	29	_	_	_	_	R-ARG0	_	_	_	_	_	_	_
29	online	_	_	_	_	_	_	38	38	_	_	_	_	R-ARG0	_	_	_	_	_	_	_
30	marketer	_	_	_	_	_	_	38	38	_	_	_	_	R-ARG0	_	_	_	_	_	_	_
31	could	_	_	_	_	_	_	38	38	_	_	_	_	R-ARG0	_	_	_	_	_	_	_
32	commit	_	_	_	_	_	_	38	38	_	_	Y	V.02	R-ARG0	_	_	_	_	_	_	_
33	,	_	_	_	_	_	_	38	38	_	_	_	_	R-ARG0	_	_	_	_	_	_	_
34	and	_	_	_	_	_	_	38	38	_	_	_	_	R-ARG0	_	_	_	_	_	_	_
35	makes	_	_	_	_	_	_	38	38	_	_	Y	V.10	R-ARG0	_	_	_	_	_	_	_
36	up	_	_	_	_	_	_	38	38	_	_	_	_	R-ARG0	_	_	_	_	_	_	_
37	a	_	_	_	_	_	_	38	38	_	_	_	_	R-ARG0	_	_	_	_	_	_	_
38	few	_	_	_	_	_	_	39	39	_	_	_	_	R-ARG0	_	_	_	_	_	_	_
39	new	_	_	_	_	_	_	0	0	_	_	_	_	_	_	_	_	_	_	_	R-ARG0
40	ones	_	_	_	_	_	_	0	0	_	_	_	_	_	_	_	_	_	_	_	R-ARG0
41	besides	_	_	_	_	_	_	0	0	_	_	_	_	_	_	_	_	_	_	_	R-ARG0
42	.	_	_	_	_	_	_	0	0	_	_	_	_	_	_	_	_	_	_	_	R-ARG0

1	I	_	_	_	_	_	_	4	4	_	_	_	_	_	R-ARG0	_	_
2	'm	_	_	_	_	_	_	4	4	_	_	Y	V.01	_	R-ARG0	_	_
3	not	_	_	_	_	_	_	4	4	_	_	_	_	_	R-ARG0	_	_
4	fond	_	_	_	_	_	_	0	0	_	_	Y	V.01	_	_	_	R-ARG0
5	of	_	_	_	_	_	_	0	0	_	_	_	_	_	_	_	R-ARG0
6	the	_	_	_	_	_	_	0	0	_	_	_	_	_	_	_	R-ARG0
7	Google	_	_	_	_	_	_	0	0	_	_	_	_	_	_	_	R-ARG0
8	-	_	_	_	_	_	_	0	0	_	_	_	_	_	_	_	R-ARG0
9	hates	_	_	_	_	_	_	0	0	_	_	Y	V.01	_	_	_	R-ARG0
10	-	_	_	_	_	_	_	0	0	_	_	_	_	_	_	_	R-ARG0
11	privacy	_	_	_	_	_	_	0	0	_	_	_	_	_	_	_	R-ARG0
12	argument	_	_	_	_	_	_	0	0	_	_	Y	V.01	_	_	_	R-ARG0

1	(	_	_	_	_	_	_	44	44	_	_	_	_	_	_	_	_	_	_	_	_	_	_	_	R-ARG0	_	_	_	_
2	You	_	_	_	_	_	_	44	44	_	_	_	_	_	_	_	_	_	_	_	_	_	_	_	R-ARG0	_	_	_	_
3	do	_	_	_	_	_	_	44	44	_	_	Y	V.01	_	_	_	_	_	_	_	_	_	_	_	R-ARG0	_	_	_	_
4	n't	_	_	_	_	_	_	44	44	_	_	_	_	_	_	_	_	_	_	_	_	_	_	_	R-ARG0	_	_	_	_
5	need	_	_	_	_	_	_	44	44	_	_	Y	V.01	_	_	_	_	_	_	_	_	_	_	_	R-ARG0	_	_	_	_
6	to	_	_	_	_	_	_	44	44	_	_	_	_	_	_	_	_	_	_	_	_	_	_	_	R-ARG0	_	_	_	_
7	use	_	_	_	_	_	_	44	44	_	_	Y	V.01	_	_	_	_	_	_	_	_	_	_	_	R-ARG0	_	_	_	_
8	their	_	_	_	_	_	_	44	44	_	_	_	_	_	_	_	_	_	_	_	_	_	_	_	R-ARG0	_	_	_	_
9	site	_	_	_	_	_	_	44	44	_	_	_	_	_	_	_	_	_	_	_	_	_	_	_	R-ARG0	_	_	_	_
10	,	_	_	_	_	_	_	44	44	_	_	_	_	_	_	_	_	_	_	_	_	_	_	_	R-ARG0	_	_	_	_
11	you	_	_	_	_	_	_	44	44	_	_	_	_	_	_	_	_	_	_	_	_	_	_	_	R-ARG0	_	_	_	_
12	can	_	_	_	_	_	_	44	44	_	_	_	_	_	_	_	_	_	_	_	_	_	_	_	R-ARG0	_	_	_	_
13	opt	_	_	_	_	_	_	44	44	_	_	Y	V.01	_	_	_	_	_	_	_	_	_	_	_	R-ARG0	_	_	_	_
14	-	_	_	_	_	_	_	44	44	_	_	_	_	_	_	_	_	_	_	_	_	_	_	_	R-ARG0	_	_	_	_
15	out	_	_	_	_	_	_	44	44	_	_	_	_	_	_	_	_	_	_	_	_	_	_	_	R-ARG0	_	_	_	_
16	of	_	_	_	_	_	_	44	44	_	_	_	_	_	_	_	_	_	_	_	_	_	_	_	R-ARG0	_	_	_	_
17	sharing	_	_	_	_	_	_	44	44	_	_	Y	V.01	_	_	_	_	_	_	_	_	_	_	_	R-ARG0	_	_	_	_
18	your	_	_	_	_	_	_	44	44	_	_	_	_	_	_	_	_	_	_	_	_	_	_	_	R-ARG0	_	_	_	_
19	information	_	_	_	_	_	_	44	44	_	_	_	_	_	_	_	_	_	_	_	_	_	_	_	R-ARG0	_	_	_	_
20	,	_	_	_	_	_	_	44	44	_	_	_	_	_	_	_	_	_	_	_	_	_	_	_	R-ARG0	_	_	_	_
21	you	_	_	_	_	_	_	44	44	_	_	_	_	_	_	_	_	_	_	_	_	_	_	_	R-ARG0	_	_	_	_
22	do	_	_	_	_	_	_	44	44	_	_	Y	V.01	_	_	_	_	_	_	_	_	_	_	_	R-ARG0	_	_	_	_
23	n't	_	_	_	_	_	_	44	44	_	_	_	_	_	_	_	_	_	_	_	_	_	_	_	R-ARG0	_	_	_	_
24	need	_	_	_	_	_	_	44	44	_	_	Y	V.01	_	_	_	_	_	_	_	_	_	_	_	R-ARG0	_	_	_	_
25	to	_	_	_	_	_	_	44	44	_	_	_	_	_	_	_	_	_	_	_	_	_	_	_	R-ARG0	_	_	_	_
26	send	_	_	_	_	_	_	44	44	_	_	Y	V.01	_	_	_	_	_	_	_	_	_	_	_	R-ARG0	_	_	_	_
27	stuff	_	_	_	_	_	_	44	44	_	_	_	_	_	_	_	_	_	_	_	_	_	_	_	R-ARG0	_	_	_	_
28	to	_	_	_	_	_	_	44	44	_	_	_	_	_	_	_	_	_	_	_	_	_	_	_	R-ARG0	_	_	_	_
29	anyone	_	_	_	_	_	_	44	44	_	_	_	_	_	_	_	_	_	_	_	_	_	_	_	R-ARG0	_	_	_	_
30	with	_	_	_	_	_	_	44	44	_	_	_	_	_	_	_	_	_	_	_	_	_	_	_	R-ARG0	_	_	_	_
31	a	_	_	_	_	_	_	44	44	_	_	_	_	_	_	_	_	_	_	_	_	_	_	_	R-ARG0	_	_	_	_
32	Gmail	_	_	_	_	_	_	44	44	_	_	_	_	_	_	_	_	_	_	_	_	_	_	_	R-ARG0	_	_	_	_
33	account	_	_	_	_	_	_	44	44	_	_	_	_	_	_	_	_	_	_	_	_	_	_	_	R-ARG0	_	_	_	_
34	,	_	_	_	_	_	_	44	44	_	_	_	_	_	_	_	_	_	_	_	_	_	_	_	R-ARG0	_	_	_	_
35	and	_	_	_	_	_	_	44	44	_	_	_	_	_	_	_	_	_	_	_	_	_	_	_	R-ARG0	_	_	_	_
36	if	_	_	_	_	_	_	44	44	_	_	_	_	_	_	_	_	_	_	_	_	_	_	_	R-ARG0	_	_	_	_
37	--	_	_	_	_	_	_	44	44	_	_	_	_	_	_	_	_	_	_	_	_	_	_	_	R-ARG0	_	_	_	_
38	wonder	_	_	_	_	_	_	44	44	_	_	Y	V.02	_	_	_	_	_	_	_	_	_	_	_	R-ARG0	_	_	_	_
39	of	_	_	_	_	_	_	44	44	_	_	_	_	_	_	_	_	_	_	_	_	_	_	_	R-ARG0	_	_	_	_
40	wonders	_	_	_	_	_	_	44	44	_	_	Y	V.02	_	_	_	_	_	_	_	_	_	_	_	R-ARG0	_	_	_	_
41	--	_	_	_	_	_	_	44	44	_	_	_	_	_	_	_	_	_	_	_	_	_	_	_	R-ARG0	_	_	_	_
42	you	_	_	_	_	_	_	44	44	_	_	_	_	_	_	_	_	_	_	_	_	_	_	_	R-ARG0	_	_	_	_
43	're	_	_	_	_	_	_	44	44	_	_	Y	V.01	_	_	_	_	_	_	_	_	_	_	_	R-ARG0	_	_	_	_
44	worried	_	_	_	_	_	_	75	75	_	_	Y	V.01	R-ARG0	_	_	_	_	_	_	_	_	_	_	_	_	_	_	_
45	that	_	_	_	_	_	_	75	75	_	_	_	_	R-ARG0	_	_	_	_	_	_	_	_	_	_	_	_	_	_	_
46	you	_	_	_	_	_	_	75	75	_	_	_	_	R-ARG0	_	_	_	_	_	_	_	_	_	_	_	_	_	_	_
47	might	_	_	_	_	_	_	75	75	_	_	_	_	R-ARG0	_	_	_	_	_	_	_	_	_	_	_	_	_	_	_
48	send	_	_	_	_	_	_	75	75	_	_	Y	V.01	R-ARG0	_	_	_	_	_	_	_	_	_	_	_	_	_	_	_
49	something	_	_	_	_	_	_	75	75	_	_	_	_	R-ARG0	_	_	_	_	_	_	_	_	_	_	_	_	_	_	_
50	to	_	_	_	_	_	_	75	75	_	_	_	_	R-ARG0	_	_	_	_	_	_	_	_	_	_	_	_	_	_	_
51	someone	_	_	_	_	_	_	75	75	_	_	_	_	R-ARG0	_	_	_	_	_	_	_	_	_	_	_	_	_	_	_
52	who	_	_	_	_	_	_	75	75	_	_	_	_	R-ARG0	_	_	_	_	_	_	_	_	_	_	_	_	_	_	_
53	would	_	_	_	_	_	_	75	75	_	_	_	_	R-ARG0	_	_	_	_	_	_	_	_	_	_	_	_	_	_	_
54	forward	_	_	_	_	_	_	75	75	_	_	Y	V.01	R-ARG0	_	_	_	_	_	_	_	_	_	_	_	_	_	_	_
55	an	_	_	_	_	_	_	75	75	_	_	_	_	R-ARG0	_	_	_	_	_	_	_	_	_	_	_	_	_	_	_
56	excerpt	_	_	_	_	_	_	75	75	_	_	_	_	R-ARG0	_	_	_	_	_	_	_	_	_	_	_	_	_	_	_
57	to	_	_	_	_	_	_	75	75	_	_	_	_	R-ARG0	_	_	_	_	_	_	_	_	_	_	_	_	_	_	_
58	someone	_	_	_	_	_	_	75	75	_	_	_	_	R-ARG0	_	_	_	_	_	_	_	_	_	_	_	_	_	_	_
59	who	_	_	_	_	_	_	75	75	_	_	_	_	R-ARG0	_	_	_	_	_	_	_	_	_	_	_	_	_	_	_
60	would	_	_	_	_	_	_	75	75	_	_	_	_	R-ARG0	_	_	_	_	_	_	_	_	_	_	_	_	_	_	_
61	then	_	_	_	_	_	_	75	75	_	_	_	_	R-ARG0	_	_	_	_	_	_	_	_	_	_	_	_	_	_	_
62	store	_	_	_	_	_	_	75	75	_	_	Y	V.01	R-ARG0	_	_	_	_	_	_	_	_	_	_	_	_	_	_	_
63	it	_	_	_	_	_	_	75	75	_	_	_	_	R-ARG0	_	_	_	_	_	_	_	_	_	_	_	_	_	_	_
64	on	_	_	_	_	_	_	75	75	_	_	_	_	R-ARG0	_	_	_	_	_	_	_	_	_	_	_	_	_	_	_
65	a	_	_	_	_	_	_	75	75	_	_	_	_	R-ARG0	_	_	_	_	_	_	_	_	_	_	_	_	_	_	_
66	Gmail	_	_	_	_	_	_	75	75	_	_	_	_	R-ARG0	_	_	_	_	_	_	_	_	_	_	_	_	_	_	_
67	account	_	_	_	_	_	_	75	75	_	_	_	_	R-ARG0	_	_	_	_	_	_	_	_	_	_	_	_	_	_	_
68	...	_	_	_	_	_	_	75	75	_	_	_	_	R-ARG0	_	_	_	_	_	_	_	_	_	_	_	_	_	_	_
69	you	_	_	_	_	_	_	75	75	_	_	_	_	R-ARG0	_	_	_	_	_	_	_	_	_	_	_	_	_	_	_
70	have	_	_	_	_	_	_	75	75	_	_	Y	V.03	R-ARG0	_	_	_	_	_	_	_	_	_	_	_	_	_	_	_
71	far	_	_	_	_	_	_	75	75	_	_	_	_	R-ARG0	_	_	_	_	_	_	_	_	_	_	_	_	_	_	_
72	,	_	_	_	_	_	_	75	75	_	_	_	_	R-ARG0	_	_	_	_	_	_	_	_	_	_	_	_	_	_	_
73	far	_	_	_	_	_	_	75	75	_	_	_	_	R-ARG0	_	_	_	_	_	_	_	_	_	_	_	_	_	_	_
74	too	_	_	_	_	_	_	75	75	_	_	_	_	R-ARG0	_	_	_	_	_	_	_	_	_	_	_	_	_	_	_
75	much	_	_	_	_	_	_	0	0	_	_	_	_	_	_	_	_	_	_	_	_	_	_	_	_	_	_	_	R-ARG0
76	time	_	_	_	_	_	_	0	0	_	_	_	_	_	_	_	_	_	_	_	_	_	_	_	_	_	_	_	R-ARG0
77	on	_	_	_	_	_	_	0	0	_	_	_	_	_	_	_	_	_	_	_	_	_	_	_	_	_	_	_	R-ARG0
78	your	_	_	_	_	_	_	0	0	_	_	_	_	_	_	_	_	_	_	_	_	_	_	_	_	_	_	_	R-ARG0
79	hands	_	_	_	_	_	_	0	0	_	_	_	_	_	_	_	_	_	_	_	_	_	_	_	_	_	_	_	R-ARG0
80	)	_	_	_	_	_	_	0	0	_	_	_	_	_	_	_	_	_	_	_	_	_	_	_	_	_	_	_	R-ARG0
81	.	_	_	_	_	_	_	0	0	_	_	_	_	_	_	_	_	_	_	_	_	_	_	_	_	_	_	_	R-ARG0

1	However	_	_	_	_	_	_	7	7	_	_	_	_	R-ARG0
2	,	_	_	_	_	_	_	7	7	_	_	_	_	R-ARG0
3	this	_	_	_	_	_	_	7	7	_	_	_	_	R-ARG0
4	toolbar	_	_	_	_	_	_	7	7	_	_	_	_	R-ARG0
5	is	_	_	_	_	_	_	7	7	_	_	Y	V.01	R-ARG0
6	really	_	_	_	_	_	_	7	7	_	_	_	_	R-ARG0
7	bad	_	_	_	_	_	_	0	0	_	_	_	_	R-ARG0
8	news	_	_	_	_	_	_	0	0	_	_	_	_	R-ARG0
9	.	_	_	_	_	_	_	0	0	_	_	_	_	R-ARG0

1	On	_	_	_	_	_	_	3	3	_	_	_	_	R-ARG0	_
2	the	_	_	_	_	_	_	3	3	_	_	_	_	R-ARG0	_
3	other	_	_	_	_	_	_	9	9	_	_	_	_	_	R-ARG0
4	hand	_	_	_	_	_	_	9	9	_	_	_	_	_	R-ARG0
5	,	_	_	_	_	_	_	9	9	_	_	_	_	_	R-ARG0
6	it	_	_	_	_	_	_	9	9	_	_	_	_	_	R-ARG0
7	looks	_	_	_	_	_	_	9	9	_	_	Y	V.02	_	R-ARG0
8	pretty	_	_	_	_	_	_	9	9	_	_	_	_	_	R-ARG0
9	cool	_	_	_	_	_	_	0	0	_	_	Y	V.04	_	R-ARG0
10	.	_	_	_	_	_	_	0	0	_	_	_	_	_	R-ARG0

1	Iran	_	_	_	_	_	_	6	6	_	_	_	_	R-ARG0	_	_	_
2	says	_	_	_	_	_	_	6	6	_	_	Y	V.01	R-ARG0	_	_	_
3	it	_	_	_	_	_	_	6	6	_	_	_	_	R-ARG0	_	_	_
4	is	_	_	_	_	_	_	6	6	_	_	Y	V.03	R-ARG0	_	_	_
5	creating	_	_	_	_	_	_	6	6	_	_	Y	V.01	R-ARG0	_	_	_
6	nuclear	_	_	_	_	_	_	10	10	_	_	_	_	R-ARG0	_	_	_
7	energy	_	_	_	_	_	_	10	10	_	_	_	_	R-ARG0	_	_	_
8	without	_	_	_	_	_	_	10	10	_	_	_	_	R-ARG0	_	_	_
9	wanting	_	_	_	_	_	_	10	10	_	_	Y	V.01	R-ARG0	_	_	_
10	nuclear	_	_	_	_	_	_	0	0	_	_	_	_	_	_	_	R-ARG0
11	weapons	_	_	_	_	_	_	0	0	_	_	_	_	_	_	_	R-ARG0
12	.	_	_	_	_	_	_	0	0	_	_	_	_	_	_	_	R-ARG0

1	The	_	_	_	_	_	_	8	8	_	_	_	_	R-ARG0	_
2	United	_	_	_	_	_	_	8	8	_	_	_	_	R-ARG0	_
3	States	_	_	_	_	_	_	8	8	_	_	_	_	R-ARG0	_
4	does	_	_	_	_	_	_	8	8	_	_	Y	V.01	R-ARG0	_
5	n't	_	_	_	_	_	_	8	8	_	_	_	_	R-ARG0	_
6	believe	_	_	_	_	_	_	8	8	_	_	Y	V.01	R-ARG0	_
7	the	_	_	_	_	_	_	8	8	_	_	_	_	R-ARG0	_
8	Iranian	_	_	_	_	_	_	0	0	_	_	_	_	_	R-ARG0
9	Government	_	_	_	_	_	_	0	0	_	_	_	_	_	R-ARG0
10	.	_	_	_	_	_	_	0	0	_	_	_	_	_	R-ARG0

1	One	_	_	_	_	_	_	5	5	_	_	_	_	R-ARG0
2	can	_	_	_	_	_	_	5	5	_	_	_	_	R-ARG0
3	suspect	_	_	_	_	_	_	5	5	_	_	Y	V.01	R-ARG0
4	the	_	_	_	_	_	_	5	5	_	_	_	_	R-ARG0
5	Iranian	_	_	_	_	_	_	0	0	_	_	_	_	R-ARG0
6	Government	_	_	_	_	_	_	0	0	_	_	_	_	R-ARG0
7	.	_	_	_	_	_	_	0	0	_	_	_	_	R-ARG0

1	But	_	_	_	_	_	_	0	0	_	_	_	_	_	R-ARG0
2	there	_	_	_	_	_	_	0	0	_	_	_	_	_	R-ARG0
3	is	_	_	_	_	_	_	0	0	_	_	Y	V.02	_	R-ARG0
4	no	_	_	_	_	_	_	0	0	_	_	_	_	_	R-ARG0
5	proof	_	_	_	_	_	_	0	0	_	_	Y	V.01	_	R-ARG0
6	.	_	_	_	_	_	_	0	0	_	_	_	_	_	R-ARG0

1	I	_	_	_	_	_	_	10	10	_	_	_	_	R-ARG0	_	_	_	_	_	_
2	read	_	_	_	_	_	_	10	10	_	_	Y	V.01	R-ARG0	_	_	_	_	_	_
3	an	_	_	_	_	_	_	10	10	_	_	_	_	R-ARG0	_	_	_	_	_	_
4	Article	_	_	_	_	_	_	10	10	_	_	_	_	R-ARG0	_	_	_	_	_	_
5	in	_	_	_	_	_	_	10	10	_	_	_	_	R-ARG0	_	_	_	_	_	_
6	Time	_	_	_	_	_	_	10	10	_	_	_	_	R-ARG0	_	_	_	_	_	_
7	magazine	_	_	_	_	_	_	10	10	_	_	_	_	R-ARG0	_	_	_	_	_	_
8	accusing	_	_	_	_	_	_	10	10	_	_	Y	V.01	R-ARG0	_	_	_	_	_	_
9	the	_	_	_	_	_	_	10	10	_	_	_	_	R-ARG0	_	_	_	_	_	_
10	Iranian	_	_	_	_	_	_	14	14	_	_	_	_	_	_	_	R-ARG0	_	_	_
11	Government	_	_	_	_	_	_	14	14	_	_	_	_	_	_	_	R-ARG0	_	_	_
12	of	_	_	_	_	_	_	14	14	_	_	_	_	_	_	_	R-ARG0	_	_	_
13	being	_	_	_	_	_	_	14	14	_	_	Y	V.01	_	_	_	R-ARG0	_	_	_
14	willing	_	_	_	_	_	_	18	18	_	_	Y	V.02	R-ARG0	_	_	_	_	_	_
15	to	_	_	_	_	_	_	18	18	_	_	_	_	R-ARG0	_	_	_	_	_	_
16	start	_	_	_	_	_	_	18	18	_	_	Y	V.01	R-ARG0	_	_	_	_	_	_
17	a	_	_	_	_	_	_	18	18	_	_	_	_	R-ARG0	_	_	_	_	_	_
18	nuclear	_	_	_	_	_	_	0	0	_	_	_	_	_	_	_	_	_	_	R-ARG0
19	war	_	_	_	_	_	_	0	0	_	_	Y	V.01	_	_	_	_	_	_	R-ARG0
20	and	_	_	_	_	_	_	0	0	_	_	_	_	_	_	_	_	_	_	R-ARG0
21	I	_	_	_	_	_	_	0	0	_	_	_	_	_	_	_	_	_	_	R-ARG0
22	sympathise	_	_	_	_	_	_	0	0	_	_	Y	V.01	_	_	_	_	_	_	R-ARG0
23	with	_	_	_	_	_	_	0	0	_	_	_	_	_	_	_	_	_	_	R-ARG0
24	the	_	_	_	_	_	_	0	0	_	_	_	_	_	_	_	_	_	_	R-ARG0
25	Article	_	_	_	_	_	_	0	0	_	_	_	_	_	_	_	_	_	_	R-ARG0
26	.	_	_	_	_	_	_	0	0	_	_	_	_	_	_	_	_	_	_	_

1	They	_	_	_	_	_	_	5	5	_	_	_	_	_	_	R-ARG0	_
2	are	_	_	_	_	_	_	5	5	_	_	Y	V.03	_	_	R-ARG0	_
3	certainly	_	_	_	_	_	_	5	5	_	_	_	_	_	_	R-ARG0	_
4	being	_	_	_	_	_	_	5	5	_	_	Y	V.01	_	_	R-ARG0	_
5	nasty	_	_	_	_	_	_	0	0	_	_	Y	V.01	_	_	_	R-ARG0
6	to	_	_	_	_	_	_	0	0	_	_	_	_	_	_	_	R-ARG0
7	the	_	_	_	_	_	_	0	0	_	_	_	_	_	_	_	R-ARG0
8	United	_	_	_	_	_	_	0	0	_	_	_	_	_	_	_	R-ARG0
9	Nations	_	_	_	_	_	_	0	0	_	_	_	_	_	_	_	R-ARG0
10	Security	_	_	_	_	_	_	0	0	_	_	_	_	_	_	_	R-ARG0
11	Council	_	_	_	_	_	_	0	0	_	_	_	_	_	_	_	R-ARG0
12	in	_	_	_	_	_	_	0	0	_	_	_	_	_	_	_	R-ARG0
13	connection	_	_	_	_	_	_	0	0	_	_	Y	V.01	_	_	_	R-ARG0
14	with	_	_	_	_	_	_	0	0	_	_	_	_	_	_	_	R-ARG0
15	the	_	_	_	_	_	_	0	0	_	_	_	_	_	_	_	R-ARG0
16	anti-proliferation	_	_	_	_	_	_	0	0	_	_	_	_	_	_	_	R-ARG0
17	treaty	_	_	_	_	_	_	0	0	_	_	_	_	_	_	_	R-ARG0
18	.	_	_	_	_	_	_	0	0	_	_	_	_	_	_	_	R-ARG0

1	The	_	_	_	_	_	_	25	25	_	_	_	_	R-ARG0	_	_	_	_	_	_
2	President	_	_	_	_	_	_	25	25	_	_	_	_	R-ARG0	_	_	_	_	_	_
3	has	_	_	_	_	_	_	25	25	_	_	Y	V.01	R-ARG0	_	_	_	_	_	_
4	also	_	_	_	_	_	_	25	25	_	_	_	_	R-ARG0	_	_	_	_	_	_
5	said	_	_	_	_	_	_	25	25	_	_	Y	V.01	R-ARG0	_	_	_	_	_	_
6	he	_	_	_	_	_	_	25	25	_	_	_	_	R-ARG0	_	_	_	_	_	_
7	would	_	_	_	_	_	_	25	25	_	_	_	_	R-ARG0	_	_	_	_	_	_
8	like	_	_	_	_	_	_	25	25	_	_	Y	V.02	R-ARG0	_	_	_	_	_	_
9	to	_	_	_	_	_	_	25	25	_	_	_	_	R-ARG0	_	_	_	_	_	_
10	see	_	_	_	_	_	_	25	25	_	_	Y	V.01	R-ARG0	_	_	_	_	_	_
11	Israel	_	_	_	_	_	_	25	25	_	_	_	_	R-ARG0	_	_	_	_	_	_
12	wiped	_	_	_	_	_	_	25	25	_	_	Y	V.01	R-ARG0	_	_	_	_	_	_
13	off	_	_	_	_	_	_	25	25	_	_	_	_	R-ARG0	_	_	_	_	_	_
14	the	_	_	_	_	_	_	25	25	_	_	_	_	R-ARG0	_	_	_	_	_	_
15	map	_	_	_	_	_	_	25	25	_	_	_	_	R-ARG0	_	_	_	_	_	_
16	which	_	_	_	_	_	_	25	25	_	_	_	_	R-ARG0	_	_	_	_	_	_
17	he	_	_	_	_	_	_	25	25	_	_	_	_	R-ARG0	_	_	_	_	_	_
18	could	_	_	_	_	_	_	25	25	_	_	_	_	R-ARG0	_	_	_	_	_	_
19	n't	_	_	_	_	_	_	25	25	_	_	_	_	R-ARG0	_	_	_	_	_	_
20	even	_	_	_	_	_	_	25	25	_	_	_	_	R-ARG0	_	_	_	_	_	_
21	begin	_	_	_	_	_	_	25	25	_	_	Y	V.02	R-ARG0	_	_	_	_	_	_
22	to	_	_	_	_	_	_	25	25	_	_	_	_	R-ARG0	_	_	_	_	_	_
23	try	_	_	_	_	_	_	25	25	_	_	Y	V.01	R-ARG0	_	_	_	_	_	_
24	without	_	_	_	_	_	_	25	25	_	_	_	_	R-ARG0	_	_	_	_	_	_
25	nuclear	_	_	_	_	_	_	0	0	_	_	_	_	_	_	_	_	_	_	R-ARG0
26	weapons	_	_	_	_	_	_	0	0	_	_	_	_	_	_	_	_	_	_	R-ARG0
27	.	_	_	_	_	_	_	0	0	_	_	_	_	_	_	_	_	_	_	_

1	But	_	_	_	_	_	_	8	8	_	_	_	_	R-ARG0	_	_
2	he	_	_	_	_	_	_	8	8	_	_	_	_	R-ARG0	_	_
3	has	_	_	_	_	_	_	8	8	_	_	Y	V.01	R-ARG0	_	_
4	insisted	_	_	_	_	_	_	8	8	_	_	Y	V.01	R-ARG0	_	_
5	that	_	_	_	_	_	_	8	8	_	_	_	_	R-ARG0	_	_
6	he	_	_	_	_	_	_	8	8	_	_	_	_	R-ARG0	_	_
7	wants	_	_	_	_	_	_	8	8	_	_	Y	V.01	R-ARG0	_	_
8	nuclear	_	_	_	_	_	_	11	11	_	_	_	_	R-ARG0	_	_
9	power	_	_	_	_	_	_	11	11	_	_	_	_	R-ARG0	_	_
10	for	_	_	_	_	_	_	11	11	_	_	_	_	R-ARG0	_	_
11	peaceful	_	_	_	_	_	_	0	0	_	_	_	_	_	_	R-ARG0
12	purposes	_	_	_	_	_	_	0	0	_	_	_	_	_	_	R-ARG0
13	.	_	_	_	_	_	_	0	0	_	_	_	_	_	_	_

1	Many	_	_	_	_	_	_	11	11	_	_	_	_	R-ARG0	_
2	people	_	_	_	_	_	_	11	11	_	_	_	_	R-ARG0	_
3	want	_	_	_	_	_	_	11	11	_	_	Y	V.01	R-ARG0	_
4	to	_	_	_	_	_	_	11	11	_	_	_	_	R-ARG0	_
5	use	_	_	_	_	_	_	11	11	_	_	Y	V.01	R-ARG0	_
6	diplomacy	_	_	_	_	_	_	11	11	_	_	_	_	R-ARG0	_
7	with	_	_	_	_	_	_	11	11	_	_	_	_	R-ARG0	_
8	Iran	_	_	_	_	_	_	11	11	_	_	_	_	R-ARG0	_
9	rather	_	_	_	_	_	_	11	11	_	_	_	_	R-ARG0	_
10	than	_	_	_	_	_	_	11	11	_	_	_	_	R-ARG0	_
11	military	_	_	_	_	_	_	0	0	_	_	_	_	_	R-ARG0
12	pressure	_	_	_	_	_	_	0	0	_	_	_	_	_	R-ARG0
13	.	_	_	_	_	_	_	0	0	_	_	_	_	_	R-ARG0

1	But	_	_	_	_	_	_	0	0	_	_	_	_	R-ARG0
2	will	_	_	_	_	_	_	0	0	_	_	_	_	R-ARG0
3	diplomacy	_	_	_	_	_	_	0	0	_	_	_	_	R-ARG0
4	work	_	_	_	_	_	_	0	0	_	_	Y	V.09	R-ARG0
5	?	_	_	_	_	_	_	0	0	_	_	_	_	R-ARG0

1	And	_	_	_	_	_	_	5	5	_	_	_	_	R-ARG0	_
2	can	_	_	_	_	_	_	5	5	_	_	_	_	R-ARG0	_
3	anyone	_	_	_	_	_	_	5	5	_	_	_	_	R-ARG0	_
4	use	_	_	_	_	_	_	5	5	_	_	Y	V.01	R-ARG0	_
5	military	_	_	_	_	_	_	0	0	_	_	_	_	_	R-ARG0
6	pressure	_	_	_	_	_	_	0	0	_	_	_	_	_	R-ARG0
7	without	_	_	_	_	_	_	0	0	_	_	_	_	_	R-ARG0
8	proof	_	_	_	_	_	_	0	0	_	_	Y	V.01	_	R-ARG0
9	?	_	_	_	_	_	_	0	0	_	_	_	_	_	R-ARG0

1	One	_	_	_	_	_	_	0	0	_	_	_	_	_	_	R-ARG0
2	reader	_	_	_	_	_	_	0	0	_	_	_	_	_	_	R-ARG0
3	pointed	_	_	_	_	_	_	0	0	_	_	Y	V.02	_	_	R-ARG0
4	out	_	_	_	_	_	_	0	0	_	_	_	_	_	_	R-ARG0
5	that	_	_	_	_	_	_	0	0	_	_	_	_	_	_	R-ARG0
6	the	_	_	_	_	_	_	0	0	_	_	_	_	_	_	R-ARG0
7	President	_	_	_	_	_	_	0	0	_	_	_	_	_	_	R-ARG0
8	watched	_	_	_	_	_	_	0	0	_	_	Y	V.01	_	_	R-ARG0
9	the	_	_	_	_	_	_	0	0	_	_	_	_	_	_	R-ARG0
10	Americans	_	_	_	_	_	_	0	0	_	_	_	_	_	_	R-ARG0
11	in	_	_	_	_	_	_	0	0	_	_	_	_	_	_	R-ARG0
12	the	_	_	_	_	_	_	0	0	_	_	_	_	_	_	R-ARG0
13	embassy	_	_	_	_	_	_	0	0	_	_	_	_	_	_	R-ARG0
14	when	_	_	_	_	_	_	0	0	_	_	_	_	_	_	R-ARG0
15	they	_	_	_	_	_	_	0	0	_	_	_	_	_	_	R-ARG0
16	took	_	_	_	_	_	_	0	0	_	_	Y	V.03	_	_	R-ARG0
17	them	_	_	_	_	_	_	0	0	_	_	_	_	_	_	R-ARG0
18	hostage	_	_	_	_	_	_	0	0	_	_	_	_	_	_	R-ARG0
19	.	_	_	_	_	_	_	0	0	_	_	_	_	_	_	R-ARG0

1	He	_	_	_	_	_	_	0	0	_	_	_	_	_	R-ARG0
2	has	_	_	_	_	_	_	0	0	_	_	Y	V.01	_	R-ARG0
3	denied	_	_	_	_	_	_	0	0	_	_	Y	V.01	_	R-ARG0
4	this	_	_	_	_	_	_	0	0	_	_	_	_	_	R-ARG0
5	.	_	_	_	_	_	_	0	0	_	_	_	_	_	R-ARG0

1	We	_	_	_	_	_	_	0	0	_	_	_	_	_	_	R-ARG0
2	do	_	_	_	_	_	_	0	0	_	_	Y	V.01	_	_	R-ARG0
3	n't	_	_	_	_	_	_	0	0	_	_	_	_	_	_	R-ARG0
4	have	_	_	_	_	_	_	0	0	_	_	Y	V.02	_	_	R-ARG0
5	to	_	_	_	_	_	_	0	0	_	_	_	_	_	_	R-ARG0
6	believe	_	_	_	_	_	_	0	0	_	_	Y	V.01	_	_	R-ARG0
7	him	_	_	_	_	_	_	0	0	_	_	_	_	_	_	R-ARG0
8	.	_	_	_	_	_	_	0	0	_	_	_	_	_	_	R-ARG0

1	But	_	_	_	_	_	_	0	0	_	_	_	_	R-ARG0
2	we	_	_	_	_	_	_	0	0	_	_	_	_	R-ARG0
3	ca	_	_	_	_	_	_	0	0	_	_	_	_	R-ARG0
4	n't	_	_	_	_	_	_	0	0	_	_	_	_	R-ARG0
5	prove	_	_	_	_	_	_	0	0	_	_	Y	V.01	R-ARG0
6	it	_	_	_	_	_	_	0	0	_	_	_	_	R-ARG0
7	.	_	_	_	_	_	_	0	0	_	_	_	_	_

1	It	_	_	_	_	_	_	0	0	_	_	_	_	_	_	_	_	_	_	R-ARG0
2	does	_	_	_	_	_	_	0	0	_	_	Y	V.01	_	_	_	_	_	_	R-ARG0
3	seem	_	_	_	_	_	_	0	0	_	_	Y	V.01	_	_	_	_	_	_	R-ARG0
4	that	_	_	_	_	_	_	0	0	_	_	_	_	_	_	_	_	_	_	R-ARG0
5	Iranians	_	_	_	_	_	_	0	0	_	_	_	_	_	_	_	_	_	_	R-ARG0
6	frequently	_	_	_	_	_	_	0	0	_	_	_	_	_	_	_	_	_	_	R-ARG0
7	make	_	_	_	_	_	_	0	0	_	_	Y	V.LV	_	_	_	_	_	_	R-ARG0
8	statements	_	_	_	_	_	_	0	0	_	_	Y	V.01	_	_	_	_	_	_	R-ARG0
9	and	_	_	_	_	_	_	0	0	_	_	_	_	_	_	_	_	_	_	R-ARG0
10	then	_	_	_	_	_	_	0	0	_	_	_	_	_	_	_	_	_	_	R-ARG0
11	hide	_	_	_	_	_	_	0	0	_	_	Y	V.01	_	_	_	_	_	_	R-ARG0
12	behind	_	_	_	_	_	_	0	0	_	_	_	_	_	_	_	_	_	_	R-ARG0
13	lack	_	_	_	_	_	_	0	0	_	_	Y	V.01	_	_	_	_	_	_	R-ARG0
14	of	_	_	_	_	_	_	0	0	_	_	_	_	_	_	_	_	_	_	R-ARG0
15	proof	_	_	_	_	_	_	0	0	_	_	Y	V.01	_	_	_	_	_	_	R-ARG0
16	.	_	_	_	_	_	_	0	0	_	_	_	_	_	_	_	_	_	_	R-ARG0

1	Angry	_	_	_	_	_	_	4	4	_	_	_	_	R-ARG0	_	_	_	_
2	crowds	_	_	_	_	_	_	4	4	_	_	_	_	R-ARG0	_	_	_	_
3	chanted	_	_	_	_	_	_	4	4	_	_	Y	V.01	R-ARG0	_	_	_	_
4	anti-American	_	_	_	_	_	_	8	8	_	_	_	_	R-ARG0	_	_	_	_
5	slogans	_	_	_	_	_	_	8	8	_	_	_	_	R-ARG0	_	_	_	_
6	in	_	_	_	_	_	_	8	8	_	_	_	_	R-ARG0	_	_	_	_
7	the	_	_	_	_	_	_	8	8	_	_	_	_	R-ARG0	_	_	_	_
8	western	_	_	_	_	_	_	23	23	_	_	_	_	R-ARG0	_	_	_	_
9	city	_	_	_	_	_	_	23	23	_	_	_	_	R-ARG0	_	_	_	_
10	of	_	_	_	_	_	_	23	23	_	_	_	_	R-ARG0	_	_	_	_
11	Falluja	_	_	_	_	_	_	23	23	_	_	_	_	R-ARG0	_	_	_	_
12	(	_	_	_	_	_	_	23	23	_	_	_	_	R-ARG0	_	_	_	_
13	pop.	_	_	_	_	_	_	23	23	_	_	_	_	R-ARG0	_	_	_	_
14	256,000	_	_	_	_	_	_	23	23	_	_	_	_	R-ARG0	_	_	_	_
15	)	_	_	_	_	_	_	23	23	_	_	_	_	R-ARG0	_	_	_	_
16	as	_	_	_	_	_	_	23	23	_	_	_	_	R-ARG0	_	_	_	_
17	the	_	_	_	_	_	_	23	23	_	_	_	_	R-ARG0	_	_	_	_
18	security	_	_	_	_	_	_	23	23	_	_	_	_	R-ARG0	_	_	_	_
19	police	_	_	_	_	_	_	23	23	_	_	_	_	R-ARG0	_	_	_	_
20	killed	_	_	_	_	_	_	23	23	_	_	Y	V.01	R-ARG0	_	_	_	_
21	in	_	_	_	_	_	_	23	23	_	_	_	_	R-ARG0	_	_	_	_
22	a	_	_	_	_	_	_	23	23	_	_	_	_	R-ARG0	_	_	_	_
23	friendly	_	_	_	_	_	_	0	0	_	_	_	_	_	_	_	_	R-ARG0
24	fire	_	_	_	_	_	_	0	0	_	_	Y	V.01	_	_	_	_	R-ARG0
25	incident	_	_	_	_	_	_	0	0	_	_	_	_	_	_	_	_	R-ARG0
26	by	_	_	_	_	_	_	0	0	_	_	_	_	_	_	_	_	R-ARG0
27	US	_	_	_	_	_	_	0	0	_	_	_	_	_	_	_	_	R-ARG0
28	troops	_	_	_	_	_	_	0	0	_	_	_	_	_	_	_	_	R-ARG0
29	were	_	_	_	_	_	_	0	0	_	_	Y	V.03	_	_	_	_	R-ARG0
30	buried	_	_	_	_	_	_	0	0	_	_	Y	V.01	_	_	_	_	R-ARG0
31	on	_	_	_	_	_	_	0	0	_	_	_	_	_	_	_	_	R-ARG0
32	Saturday	_	_	_	_	_	_	0	0	_	_	_	_	_	_	_	_	R-ARG0
33	.	_	_	_	_	_	_	0	0	_	_	_	_	_	_	_	_	_

1	Reuters	_	_	_	_	_	_	5	5	_	_	_	_	R-ARG0	_	_	_	_	_	_	_
2	reported	_	_	_	_	_	_	5	5	_	_	Y	V.01	R-ARG0	_	_	_	_	_	_	_
3	that	_	_	_	_	_	_	5	5	_	_	_	_	R-ARG0	_	_	_	_	_	_	_
4	"	_	_	_	_	_	_	5	5	_	_	_	_	R-ARG0	_	_	_	_	_	_	_
5	Sunni	_	_	_	_	_	_	40	40	_	_	_	_	R-ARG0	_	_	_	_	_	_	_
6	clerics	_	_	_	_	_	_	40	40	_	_	_	_	R-ARG0	_	_	_	_	_	_	_
7	in	_	_	_	_	_	_	40	40	_	_	_	_	R-ARG0	_	_	_	_	_	_	_
8	the	_	_	_	_	_	_	40	40	_	_	_	_	R-ARG0	_	_	_	_	_	_	_
9	town	_	_	_	_	_	_	40	40	_	_	_	_	R-ARG0	_	_	_	_	_	_	_
10	issued	_	_	_	_	_	_	40	40	_	_	Y	V.01	R-ARG0	_	_	_	_	_	_	_
11	a	_	_	_	_	_	_	40	40	_	_	_	_	R-ARG0	_	_	_	_	_	_	_
12	'	_	_	_	_	_	_	40	40	_	_	_	_	R-ARG0	_	_	_	_	_	_	_
13	Declaration	_	_	_	_	_	_	40	40	_	_	Y	V.01	R-ARG0	_	_	_	_	_	_	_
14	by	_	_	_	_	_	_	40	40	_	_	_	_	R-ARG0	_	_	_	_	_	_	_
15	the	_	_	_	_	_	_	40	40	_	_	_	_	R-ARG0	_	_	_	_	_	_	_
16	people	_	_	_	_	_	_	40	40	_	_	_	_	R-ARG0	_	_	_	_	_	_	_
17	of	_	_	_	_	_	_	40	40	_	_	_	_	R-ARG0	_	_	_	_	_	_	_
18	Fallujah	_	_	_	_	_	_	40	40	_	_	_	_	R-ARG0	_	_	_	_	_	_	_
19	'	_	_	_	_	_	_	40	40	_	_	_	_	R-ARG0	_	_	_	_	_	_	_
20	condemning	_	_	_	_	_	_	40	40	_	_	Y	V.01	R-ARG0	_	_	_	_	_	_	_
21	the	_	_	_	_	_	_	40	40	_	_	_	_	R-ARG0	_	_	_	_	_	_	_
22	deaths	_	_	_	_	_	_	40	40	_	_	Y	V.01	R-ARG0	_	_	_	_	_	_	_
23	of	_	_	_	_	_	_	40	40	_	_	_	_	R-ARG0	_	_	_	_	_	_	_
24	the	_	_	_	_	_	_	40	40	_	_	_	_	R-ARG0	_	_	_	_	_	_	_
25	security	_	_	_	_	_	_	40	40	_	_	_	_	R-ARG0	_	_	_	_	_	_	_
26	guards	_	_	_	_	_	_	40	40	_	_	_	_	R-ARG0	_	_	_	_	_	_	_
27	and	_	_	_	_	_	_	40	40	_	_	_	_	R-ARG0	_	_	_	_	_	_	_
28	police	_	_	_	_	_	_	40	40	_	_	_	_	R-ARG0	_	_	_	_	_	_	_
29	,	_	_	_	_	_	_	40	40	_	_	_	_	R-ARG0	_	_	_	_	_	_	_
30	announcing	_	_	_	_	_	_	40	40	_	_	Y	V.01	R-ARG0	_	_	_	_	_	_	_
31	three	_	_	_	_	_	_	40	40	_	_	_	_	R-ARG0	_	_	_	_	_	_	_
32	days	_	_	_	_	_	_	40	40	_	_	_	_	R-ARG0	_	_	_	_	_	_	_
33	of	_	_	_	_	_	_	40	40	_	_	_	_	R-ARG0	_	_	_	_	_	_	_
34	mourning	_	_	_	_	_	_	40	40	_	_	_	_	R-ARG0	_	_	_	_	_	_	_
35	,	_	_	_	_	_	_	40	40	_	_	_	_	R-ARG0	_	_	_	_	_	_	_
36	and	_	_	_	_	_	_	40	40	_	_	_	_	R-ARG0	_	_	_	_	_	_	_
37	calling	_	_	_	_	_	_	40	40	_	_	Y	V.03	R-ARG0	_	_	_	_	_	_	_
38	for	_	_	_	_	_	_	40	40	_	_	_	_	R-ARG0	_	_	_	_	_	_	_
39	a	_	_	_	_	_	_	40	40	_	_	_	_	R-ARG0	_	_	_	_	_	_	_
40	general	_	_	_	_	_	_	0	0	_	_	_	_	_	_	_	_	_	_	_	R-ARG0
41	strike	_	_	_	_	_	_	0	0	_	_	Y	V.02	_	_	_	_	_	_	_	R-ARG0
42	today	_	_	_	_	_	_	0	0	_	_	_	_	_	_	_	_	_	_	_	R-ARG0
43	.	_	_	_	_	_	_	0	0	_	_	_	_	_	_	_	_	_	_	_	R-ARG0
44	"	_	_	_	_	_	_	0	0	_	_	_	_	_	_	_	_	_	_	_	R-ARG0

1	It	_	_	_	_	_	_	19	19	_	_	_	_	R-ARG0	_	_	_	_
2	read	_	_	_	_	_	_	19	19	_	_	Y	V.01	R-ARG0	_	_	_	_
3	,	_	_	_	_	_	_	19	19	_	_	_	_	R-ARG0	_	_	_	_
4	"	_	_	_	_	_	_	19	19	_	_	_	_	R-ARG0	_	_	_	_
5	The	_	_	_	_	_	_	19	19	_	_	_	_	R-ARG0	_	_	_	_
6	people	_	_	_	_	_	_	19	19	_	_	_	_	R-ARG0	_	_	_	_
7	of	_	_	_	_	_	_	19	19	_	_	_	_	R-ARG0	_	_	_	_
8	Fallujah	_	_	_	_	_	_	19	19	_	_	_	_	R-ARG0	_	_	_	_
9	condemn	_	_	_	_	_	_	19	19	_	_	Y	V.01	R-ARG0	_	_	_	_
10	the	_	_	_	_	_	_	19	19	_	_	_	_	R-ARG0	_	_	_	_
11	massacre	_	_	_	_	_	_	19	19	_	_	_	_	R-ARG0	_	_	_	_
12	which	_	_	_	_	_	_	19	19	_	_	_	_	R-ARG0	_	_	_	_
13	was	_	_	_	_	_	_	19	19	_	_	Y	V.03	R-ARG0	_	_	_	_
14	committed	_	_	_	_	_	_	19	19	_	_	Y	V.02	R-ARG0	_	_	_	_
15	on	_	_	_	_	_	_	19	19	_	_	_	_	R-ARG0	_	_	_	_
16	Friday	_	_	_	_	_	_	19	19	_	_	_	_	R-ARG0	_	_	_	_
17	against	_	_	_	_	_	_	19	19	_	_	_	_	R-ARG0	_	_	_	_
18	people	_	_	_	_	_	_	19	19	_	_	_	_	R-ARG0	_	_	_	_
19	dedicated	_	_	_	_	_	_	0	0	_	_	_	_	_	_	_	_	R-ARG0
20	to	_	_	_	_	_	_	0	0	_	_	_	_	_	_	_	_	R-ARG0
21	the	_	_	_	_	_	_	0	0	_	_	_	_	_	_	_	_	R-ARG0
22	protection	_	_	_	_	_	_	0	0	_	_	Y	V.01	_	_	_	_	R-ARG0
23	of	_	_	_	_	_	_	0	0	_	_	_	_	_	_	_	_	_
24	Fallujah	_	_	_	_	_	_	0	0	_	_	_	_	_	_	_	_	_
25	.	_	_	_	_	_	_	0	0	_	_	_	_	_	_	_	_	_

1	Let	_	_	_	_	_	_	2	2	_	_	Y	V.01	R-ARG0	_	_	_	_	_	_
2	aggressive	_	_	_	_	_	_	4	4	_	_	_	_	R-ARG0	_	_	_	_	_	_
3	(	_	_	_	_	_	_	4	4	_	_	_	_	R-ARG0	_	_	_	_	_	_
4	American	_	_	_	_	_	_	13	13	_	_	_	_	_	_	_	R-ARG0	_	_	_
5	)	_	_	_	_	_	_	13	13	_	_	_	_	_	_	_	R-ARG0	_	_	_
6	leaders	_	_	_	_	_	_	13	13	_	_	_	_	_	_	_	R-ARG0	_	_	_
7	and	_	_	_	_	_	_	13	13	_	_	_	_	_	_	_	R-ARG0	_	_	_
8	soldiers	_	_	_	_	_	_	13	13	_	_	_	_	_	_	_	R-ARG0	_	_	_
9	know	_	_	_	_	_	_	13	13	_	_	Y	V.01	_	_	_	R-ARG0	_	_	_
10	that	_	_	_	_	_	_	13	13	_	_	_	_	_	_	_	R-ARG0	_	_	_
11	we	_	_	_	_	_	_	13	13	_	_	_	_	_	_	_	R-ARG0	_	_	_
12	are	_	_	_	_	_	_	13	13	_	_	Y	V.01	_	_	_	R-ARG0	_	_	_
13	capable	_	_	_	_	_	_	0	0	_	_	Y	V.01	_	_	_	_	_	_	R-ARG0
14	of	_	_	_	_	_	_	0	0	_	_	_	_	_	_	_	_	_	_	R-ARG0
15	protecting	_	_	_	_	_	_	0	0	_	_	Y	V.01	_	_	_	_	_	_	R-ARG0
16	the	_	_	_	_	_	_	0	0	_	_	_	_	_	_	_	_	_	_	R-ARG0
17	city	_	_	_	_	_	_	0	0	_	_	_	_	_	_	_	_	_	_	R-ARG0
18	's	_	_	_	_	_	_	0	0	_	_	_	_	_	_	_	_	_	_	R-ARG0
19	security	_	_	_	_	_	_	0	0	_	_	_	_	_	_	_	_	_	_	R-ARG0
20	and	_	_	_	_	_	_	0	0	_	_	_	_	_	_	_	_	_	_	R-ARG0
21	safety	_	_	_	_	_	_	0	0	_	_	_	_	_	_	_	_	_	_	R-ARG0
22	,	_	_	_	_	_	_	0	0	_	_	_	_	_	_	_	_	_	_	R-ARG0
23	and	_	_	_	_	_	_	0	0	_	_	_	_	_	_	_	_	_	_	R-ARG0
24	ask	_	_	_	_	_	_	0	0	_	_	Y	V.02	_	_	_	_	_	_	R-ARG0
25	them	_	_	_	_	_	_	0	0	_	_	_	_	_	_	_	_	_	_	R-ARG0
26	to	_	_	_	_	_	_	0	0	_	_	_	_	_	_	_	_	_	_	R-ARG0
27	lift	_	_	_	_	_	_	0	0	_	_	Y	V.01	_	_	_	_	_	_	R-ARG0
28	their	_	_	_	_	_	_	0	0	_	_	_	_	_	_	_	_	_	_	R-ARG0
29	hands	_	_	_	_	_	_	0	0	_	_	_	_	_	_	_	_	_	_	R-ARG0
30	from	_	_	_	_	_	_	0	0	_	_	_	_	_	_	_	_	_	_	R-ARG0
31	the	_	_	_	_	_	_	0	0	_	_	_	_	_	_	_	_	_	_	R-ARG0
32	city	_	_	_	_	_	_	0	0	_	_	_	_	_	_	_	_	_	_	R-ARG0
33	.	_	_	_	_	_	_	0	0	_	_	_	_	_	_	_	_	_	_	R-ARG0
34	"	_	_	_	_	_	_	0	0	_	_	_	_	_	_	_	_	_	_	_

1	The	_	_	_	_	_	_	6	6	_	_	_	_	R-ARG0	_
2	clerics	_	_	_	_	_	_	6	6	_	_	_	_	R-ARG0	_
3	demanded	_	_	_	_	_	_	6	6	_	_	Y	V.01	R-ARG0	_
4	talks	_	_	_	_	_	_	6	6	_	_	Y	V.01	R-ARG0	_
5	with	_	_	_	_	_	_	6	6	_	_	_	_	R-ARG0	_
6	local	_	_	_	_	_	_	0	0	_	_	_	_	_	R-ARG0
7	US	_	_	_	_	_	_	0	0	_	_	_	_	_	R-ARG0
8	commanders	_	_	_	_	_	_	0	0	_	_	_	_	_	R-ARG0
9	.	_	_	_	_	_	_	0	0	_	_	_	_	_	R-ARG0

1	Falluja	_	_	_	_	_	_	7	7	_	_	_	_	R-ARG0	_	_	_	_	_	_	_
2	has	_	_	_	_	_	_	7	7	_	_	Y	V.01	R-ARG0	_	_	_	_	_	_	_
3	long	_	_	_	_	_	_	7	7	_	_	_	_	R-ARG0	_	_	_	_	_	_	_
4	been	_	_	_	_	_	_	7	7	_	_	Y	V.03	R-ARG0	_	_	_	_	_	_	_
5	roiled	_	_	_	_	_	_	7	7	_	_	Y	V.01	R-ARG0	_	_	_	_	_	_	_
6	by	_	_	_	_	_	_	7	7	_	_	_	_	R-ARG0	_	_	_	_	_	_	_
7	tense	_	_	_	_	_	_	16	16	_	_	_	_	R-ARG0	_	_	_	_	_	_	_
8	relations	_	_	_	_	_	_	16	16	_	_	Y	V.03	R-ARG0	_	_	_	_	_	_	_
9	with	_	_	_	_	_	_	16	16	_	_	_	_	R-ARG0	_	_	_	_	_	_	_
10	the	_	_	_	_	_	_	16	16	_	_	_	_	R-ARG0	_	_	_	_	_	_	_
11	US	_	_	_	_	_	_	16	16	_	_	_	_	R-ARG0	_	_	_	_	_	_	_
12	soldiers	_	_	_	_	_	_	16	16	_	_	_	_	R-ARG0	_	_	_	_	_	_	_
13	there	_	_	_	_	_	_	16	16	_	_	_	_	R-ARG0	_	_	_	_	_	_	_
14	,	_	_	_	_	_	_	16	16	_	_	_	_	R-ARG0	_	_	_	_	_	_	_
15	since	_	_	_	_	_	_	16	16	_	_	_	_	R-ARG0	_	_	_	_	_	_	_
16	local	_	_	_	_	_	_	20	20	_	_	_	_	_	_	_	_	_	R-ARG0	_	_
17	Sunnis	_	_	_	_	_	_	20	20	_	_	_	_	_	_	_	_	_	R-ARG0	_	_
18	either	_	_	_	_	_	_	20	20	_	_	_	_	_	_	_	_	_	R-ARG0	_	_
19	remain	_	_	_	_	_	_	20	20	_	_	Y	V.01	_	_	_	_	_	R-ARG0	_	_
20	committed	_	_	_	_	_	_	22	22	_	_	Y	V.01	R-ARG0	_	_	_	_	_	_	_
21	to	_	_	_	_	_	_	22	22	_	_	_	_	R-ARG0	_	_	_	_	_	_	_
22	Arab	_	_	_	_	_	_	27	27	_	_	_	_	R-ARG0	_	_	_	_	_	_	_
23	nationalism	_	_	_	_	_	_	27	27	_	_	_	_	R-ARG0	_	_	_	_	_	_	_
24	or	_	_	_	_	_	_	27	27	_	_	_	_	R-ARG0	_	_	_	_	_	_	_
25	have	_	_	_	_	_	_	27	27	_	_	Y	V.01	R-ARG0	_	_	_	_	_	_	_
26	become	_	_	_	_	_	_	27	27	_	_	Y	V.01	R-ARG0	_	_	_	_	_	_	_
27	Sunni	_	_	_	_	_	_	0	0	_	_	_	_	_	_	_	_	_	_	_	R-ARG0
28	fundamentalists	_	_	_	_	_	_	0	0	_	_	_	_	_	_	_	_	_	_	_	R-ARG0
29	or	_	_	_	_	_	_	0	0	_	_	_	_	_	_	_	_	_	_	_	R-ARG0
30	even	_	_	_	_	_	_	0	0	_	_	_	_	_	_	_	_	_	_	_	R-ARG0
31	radicals	_	_	_	_	_	_	0	0	_	_	_	_	_	_	_	_	_	_	_	R-ARG0
32	.	_	_	_	_	_	_	0	0	_	_	_	_	_	_	_	_	_	_	_	_

1	Cities	_	_	_	_	_	_	2	2	_	_	_	_	R-ARG0	_	_	_
2	such	_	_	_	_	_	_	6	6	_	_	_	_	R-ARG0	_	_	_
3	as	_	_	_	_	_	_	6	6	_	_	_	_	R-ARG0	_	_	_
4	Falluja	_	_	_	_	_	_	6	6	_	_	_	_	R-ARG0	_	_	_
5	received	_	_	_	_	_	_	6	6	_	_	Y	V.01	R-ARG0	_	_	_
6	special	_	_	_	_	_	_	13	13	_	_	_	_	R-ARG0	_	_	_
7	treatment	_	_	_	_	_	_	13	13	_	_	Y	V.01	R-ARG0	_	_	_
8	from	_	_	_	_	_	_	13	13	_	_	_	_	R-ARG0	_	_	_
9	Saddam	_	_	_	_	_	_	13	13	_	_	_	_	R-ARG0	_	_	_
10	and	_	_	_	_	_	_	13	13	_	_	_	_	R-ARG0	_	_	_
11	enjoyed	_	_	_	_	_	_	13	13	_	_	Y	V.01	R-ARG0	_	_	_
12	a	_	_	_	_	_	_	13	13	_	_	_	_	R-ARG0	_	_	_
13	disproportionate	_	_	_	_	_	_	0	0	_	_	_	_	_	_	_	R-ARG0
14	share	_	_	_	_	_	_	0	0	_	_	Y	V.01	_	_	_	R-ARG0
15	of	_	_	_	_	_	_	0	0	_	_	_	_	_	_	_	R-ARG0
16	the	_	_	_	_	_	_	0	0	_	_	_	_	_	_	_	R-ARG0
17	country	_	_	_	_	_	_	0	0	_	_	_	_	_	_	_	R-ARG0
18	's	_	_	_	_	_	_	0	0	_	_	_	_	_	_	_	R-ARG0
19	wealth	_	_	_	_	_	_	0	0	_	_	_	_	_	_	_	R-ARG0
20	and	_	_	_	_	_	_	0	0	_	_	_	_	_	_	_	R-ARG0
21	power	_	_	_	_	_	_	0	0	_	_	_	_	_	_	_	R-ARG0
22	.	_	_	_	_	_	_	0	0	_	_	_	_	_	_	_	_

1	They	_	_	_	_	_	_	5	5	_	_	_	_	R-ARG0	_	_	_	_	_
2	know	_	_	_	_	_	_	5	5	_	_	Y	V.01	R-ARG0	_	_	_	_	_
3	that	_	_	_	_	_	_	5	5	_	_	_	_	R-ARG0	_	_	_	_	_
4	the	_	_	_	_	_	_	5	5	_	_	_	_	R-ARG0	_	_	_	_	_
5	American	_	_	_	_	_	_	0	0	_	_	_	_	_	_	_	_	_	R-ARG0
6	advent	_	_	_	_	_	_	0	0	_	_	_	_	_	_	_	_	_	R-ARG0
7	implies	_	_	_	_	_	_	0	0	_	_	Y	V.01	_	_	_	_	_	R-ARG0
8	for	_	_	_	_	_	_	0	0	_	_	_	_	_	_	_	_	_	R-ARG0
9	them	_	_	_	_	_	_	0	0	_	_	_	_	_	_	_	_	_	R-ARG0
10	a	_	_	_	_	_	_	0	0	_	_	_	_	_	_	_	_	_	R-ARG0
11	demotion	_	_	_	_	_	_	0	0	_	_	Y	V.01	_	_	_	_	_	R-ARG0
12	,	_	_	_	_	_	_	0	0	_	_	_	_	_	_	_	_	_	R-ARG0
13	and	_	_	_	_	_	_	0	0	_	_	_	_	_	_	_	_	_	R-ARG0
14	an	_	_	_	_	_	_	0	0	_	_	_	_	_	_	_	_	_	R-ARG0
15	elevation	_	_	_	_	_	_	0	0	_	_	Y	V.01	_	_	_	_	_	R-ARG0
16	of	_	_	_	_	_	_	0	0	_	_	_	_	_	_	_	_	_	R-ARG0
17	the	_	_	_	_	_	_	0	0	_	_	_	_	_	_	_	_	_	R-ARG0
18	Shiites	_	_	_	_	_	_	0	0	_	_	_	_	_	_	_	_	_	R-ARG0
19	and	_	_	_	_	_	_	0	0	_	_	_	_	_	_	_	_	_	R-ARG0
20	Kurds	_	_	_	_	_	_	0	0	_	_	_	_	_	_	_	_	_	R-ARG0
21	,	_	_	_	_	_	_	0	0	_	_	_	_	_	_	_	_	_	R-ARG0
22	and	_	_	_	_	_	_	0	0	_	_	_	_	_	_	_	_	_	R-ARG0
23	they	_	_	_	_	_	_	0	0	_	_	_	_	_	_	_	_	_	R-ARG0
24	refuse	_	_	_	_	_	_	0	0	_	_	Y	V.01	_	_	_	_	_	R-ARG0
25	to	_	_	_	_	_	_	0	0	_	_	_	_	_	_	_	_	_	R-ARG0
26	go	_	_	_	_	_	_	0	0	_	_	Y	V.02	_	_	_	_	_	R-ARG0
27	quietly	_	_	_	_	_	_	0	0	_	_	_	_	_	_	_	_	_	R-ARG0
28	.	_	_	_	_	_	_	0	0	_	_	_	_	_	_	_	_	_	R-ARG0

1	See	_	_	_	_	_	_	0	0	_	_	Y	V.01	R-ARG0
2	http://www.gulf-news.com/Articles/news.asp?ArticleID=97508	_	_	_	_	_	_	0	0	_	_	_	_	R-ARG0

1	The	_	_	_	_	_	_	14	14	_	_	_	_	R-ARG0	_	_	_	_	_	_	_	_
2	Supreme	_	_	_	_	_	_	14	14	_	_	_	_	R-ARG0	_	_	_	_	_	_	_	_
3	Court	_	_	_	_	_	_	14	14	_	_	_	_	R-ARG0	_	_	_	_	_	_	_	_
4	announced	_	_	_	_	_	_	14	14	_	_	Y	V.01	R-ARG0	_	_	_	_	_	_	_	_
5	its	_	_	_	_	_	_	14	14	_	_	_	_	R-ARG0	_	_	_	_	_	_	_	_
6	ruling	_	_	_	_	_	_	14	14	_	_	Y	V.01	R-ARG0	_	_	_	_	_	_	_	_
7	today	_	_	_	_	_	_	14	14	_	_	_	_	R-ARG0	_	_	_	_	_	_	_	_
8	in	_	_	_	_	_	_	14	14	_	_	_	_	R-ARG0	_	_	_	_	_	_	_	_
9	Hamdan	_	_	_	_	_	_	14	14	_	_	_	_	R-ARG0	_	_	_	_	_	_	_	_
10	v.	_	_	_	_	_	_	14	14	_	_	_	_	R-ARG0	_	_	_	_	_	_	_	_
11	Rumsfeld	_	_	_	_	_	_	14	14	_	_	_	_	R-ARG0	_	_	_	_	_	_	_	_
12	divided	_	_	_	_	_	_	14	14	_	_	Y	V.02	R-ARG0	_	_	_	_	_	_	_	_
13	along	_	_	_	_	_	_	14	14	_	_	_	_	R-ARG0	_	_	_	_	_	_	_	_
14	idelogical	_	_	_	_	_	_	45	45	_	_	_	_	_	_	_	_	_	_	_	_	R-ARG0
15	lines	_	_	_	_	_	_	45	45	_	_	_	_	_	_	_	_	_	_	_	_	R-ARG0
16	with	_	_	_	_	_	_	45	45	_	_	_	_	_	_	_	_	_	_	_	_	R-ARG0
17	John	_	_	_	_	_	_	45	45	_	_	_	_	_	_	_	_	_	_	_	_	R-ARG0
18	Roberts	_	_	_	_	_	_	45	45	_	_	_	_	_	_	_	_	_	_	_	_	R-ARG0
19	abstaining	_	_	_	_	_	_	45	45	_	_	Y	V.01	_	_	_	_	_	_	_	_	R-ARG0
20	due	_	_	_	_	_	_	45	45	_	_	_	_	_	_	_	_	_	_	_	_	R-ARG0
21	to	_	_	_	_	_	_	45	45	_	_	_	_	_	_	_	_	_	_	_	_	R-ARG0
22	his	_	_	_	_	_	_	45	45	_	_	_	_	_	_	_	_	_	_	_	_	R-ARG0
23	involvement	_	_	_	_	_	_	45	45	_	_	Y	V.01	_	_	_	_	_	_	_	_	R-ARG0
24	at	_	_	_	_	_	_	45	45	_	_	_	_	_	_	_	_	_	_	_	_	R-ARG0
25	the	_	_	_	_	_	_	45	45	_	_	_	_	_	_	_	_	_	_	_	_	R-ARG0
26	D.C.	_	_	_	_	_	_	45	45	_	_	_	_	_	_	_	_	_	_	_	_	R-ARG0
27	Circuit	_	_	_	_	_	_	45	45	_	_	_	_	_	_	_	_	_	_	_	_	R-ARG0
28	level	_	_	_	_	_	_	45	45	_	_	_	_	_	_	_	_	_	_	_	_	R-ARG0
29	and	_	_	_	_	_	_	45	45	_	_	_	_	_	_	_	_	_	_	_	_	R-ARG0
30	Anthony	_	_	_	_	_	_	45	45	_	_	_	_	_	_	_	_	_	_	_	_	R-ARG0
31	Kennedy	_	_	_	_	_	_	45	45	_	_	_	_	_	_	_	_	_	_	_	_	R-ARG0
32	joining	_	_	_	_	_	_	45	45	_	_	Y	V.04	_	_	_	_	_	_	_	_	R-ARG0
33	the	_	_	_	_	_	_	45	45	_	_	_	_	_	_	_	_	_	_	_	_	R-ARG0
34	liberals	_	_	_	_	_	_	45	45	_	_	_	_	_	_	_	_	_	_	_	_	R-ARG0
35	in	_	_	_	_	_	_	45	45	_	_	_	_	_	_	_	_	_	_	_	_	R-ARG0
36	a	_	_	_	_	_	_	45	45	_	_	_	_	_	_	_	_	_	_	_	_	R-ARG0
37	5	_	_	_	_	_	_	45	45	_	_	_	_	_	_	_	_	_	_	_	_	R-ARG0
38	-	_	_	_	_	_	_	45	45	_	_	_	_	_	_	_	_	_	_	_	_	R-ARG0
39	3	_	_	_	_	_	_	45	45	_	_	_	_	_	_	_	_	_	_	_	_	R-ARG0
40	decision	_	_	_	_	_	_	45	45	_	_	Y	V.01	_	_	_	_	_	_	_	_	R-ARG0
41	that	_	_	_	_	_	_	45	45	_	_	_	_	_	_	_	_	_	_	_	_	R-ARG0
42	is	_	_	_	_	_	_	45	45	_	_	Y	V.01	_	_	_	_	_	_	_	_	R-ARG0
43	185	_	_	_	_	_	_	45	45	_	_	_	_	_	_	_	_	_	_	_	_	R-ARG0
44	pages	_	_	_	_	_	_	45	45	_	_	_	_	_	_	_	_	_	_	_	_	R-ARG0
45	long	_	_	_	_	_	_	0	0	_	_	Y	V.03	_	_	_	_	_	_	_	_	R-ARG0
46	.	_	_	_	_	_	_	0	0	_	_	_	_	_	_	_	_	_	_	_	_	R-ARG0

1	The	_	_	_	_	_	_	2	2	_	_	_	_	R-ARG0	_	_
2	actual	_	_	_	_	_	_	6	6	_	_	_	_	R-ARG0	_	_
3	vote	_	_	_	_	_	_	6	6	_	_	Y	V.01	R-ARG0	_	_
4	is	_	_	_	_	_	_	6	6	_	_	Y	V.01	R-ARG0	_	_
5	a	_	_	_	_	_	_	6	6	_	_	_	_	R-ARG0	_	_
6	little	_	_	_	_	_	_	7	7	_	_	_	_	_	_	R-ARG0
7	confusing	_	_	_	_	_	_	0	0	_	_	Y	V.01	_	_	R-ARG0
8	.	_	_	_	_	_	_	0	0	_	_	_	_	_	_	R-ARG0

1	Stay	_	_	_	_	_	_	0	0	_	_	Y	V.01	_	_	_	_	_	R-ARG0
2	with	_	_	_	_	_	_	0	0	_	_	_	_	_	_	_	_	_	R-ARG0
3	me	_	_	_	_	_	_	0	0	_	_	_	_	_	_	_	_	_	R-ARG0
4	now	_	_	_	_	_	_	0	0	_	_	_	_	_	_	_	_	_	R-ARG0
5	:	_	_	_	_	_	_	0	0	_	_	_	_	_	_	_	_	_	R-ARG0
6	John	_	_	_	_	_	_	0	0	_	_	_	_	_	_	_	_	_	R-ARG0
7	Paul	_	_	_	_	_	_	0	0	_	_	_	_	_	_	_	_	_	R-ARG0
8	STEVENS	_	_	_	_	_	_	0	0	_	_	_	_	_	_	_	_	_	R-ARG0
9	delivered	_	_	_	_	_	_	0	0	_	_	Y	V.01	_	_	_	_	_	R-ARG0
10	the	_	_	_	_	_	_	0	0	_	_	_	_	_	_	_	_	_	R-ARG0
11	opinion	_	_	_	_	_	_	0	0	_	_	_	_	_	_	_	_	_	R-ARG0
12	of	_	_	_	_	_	_	0	0	_	_	_	_	_	_	_	_	_	R-ARG0
13	the	_	_	_	_	_	_	0	0	_	_	_	_	_	_	_	_	_	R-ARG0
14	Court	_	_	_	_	_	_	0	0	_	_	_	_	_	_	_	_	_	R-ARG0
15	with	_	_	_	_	_	_	0	0	_	_	_	_	_	_	_	_	_	R-ARG0
16	respect	_	_	_	_	_	_	0	0	_	_	Y	V.02	_	_	_	_	_	R-ARG0
17	to	_	_	_	_	_	_	0	0	_	_	_	_	_	_	_	_	_	R-ARG0
18	Parts	_	_	_	_	_	_	0	0	_	_	_	_	_	_	_	_	_	R-ARG0
19	I	_	_	_	_	_	_	0	0	_	_	_	_	_	_	_	_	_	R-ARG0
20	through	_	_	_	_	_	_	0	0	_	_	_	_	_	_	_	_	_	R-ARG0
21	IV	_	_	_	_	_	_	0	0	_	_	_	_	_	_	_	_	_	R-ARG0
22	,	_	_	_	_	_	_	0	0	_	_	_	_	_	_	_	_	_	R-ARG0
23	VI	_	_	_	_	_	_	0	0	_	_	_	_	_	_	_	_	_	R-ARG0
24	through	_	_	_	_	_	_	0	0	_	_	_	_	_	_	_	_	_	R-ARG0
25	VI	_	_	_	_	_	_	0	0	_	_	_	_	_	_	_	_	_	R-ARG0
26	-	_	_	_	_	_	_	0	0	_	_	_	_	_	_	_	_	_	R-ARG0
27	D	_	_	_	_	_	_	0	0	_	_	_	_	_	_	_	_	_	R-ARG0
28	-	_	_	_	_	_	_	0	0	_	_	_	_	_	_	_	_	_	R-ARG0
29	iii	_	_	_	_	_	_	0	0	_	_	_	_	_	_	_	_	_	R-ARG0
30	,	_	_	_	_	_	_	0	0	_	_	_	_	_	_	_	_	_	R-ARG0
31	VI	_	_	_	_	_	_	0	0	_	_	_	_	_	_	_	_	_	R-ARG0
32	-	_	_	_	_	_	_	0	0	_	_	_	_	_	_	_	_	_	R-ARG0
33	D	_	_	_	_	_	_	0	0	_	_	_	_	_	_	_	_	_	R-ARG0
34	-	_	_	_	_	_	_	0	0	_	_	_	_	_	_	_	_	_	R-ARG0
35	v	_	_	_	_	_	_	0	0	_	_	_	_	_	_	_	_	_	R-ARG0
36	,	_	_	_	_	_	_	0	0	_	_	_	_	_	_	_	_	_	R-ARG0
37	and	_	_	_	_	_	_	0	0	_	_	_	_	_	_	_	_	_	R-ARG0
38	VII	_	_	_	_	_	_	0	0	_	_	_	_	_	_	_	_	_	R-ARG0
39	,	_	_	_	_	_	_	0	0	_	_	_	_	_	_	_	_	_	R-ARG0
40	in	_	_	_	_	_	_	0	0	_	_	_	_	_	_	_	_	_	R-ARG0
41	which	_	_	_	_	_	_	0	0	_	_	_	_	_	_	_	_	_	R-ARG0
42	KENNEDY	_	_	_	_	_	_	0	0	_	_	_	_	_	_	_	_	_	R-ARG0
43	,	_	_	_	_	_	_	0	0	_	_	_	_	_	_	_	_	_	R-ARG0
44	SOUTER	_	_	_	_	_	_	0	0	_	_	_	_	_	_	_	_	_	R-ARG0
45	,	_	_	_	_	_	_	0	0	_	_	_	_	_	_	_	_	_	R-ARG0
46	GINSBURG	_	_	_	_	_	_	0	0	_	_	_	_	_	_	_	_	_	R-ARG0
47	,	_	_	_	_	_	_	0	0	_	_	_	_	_	_	_	_	_	R-ARG0
48	and	_	_	_	_	_	_	0	0	_	_	_	_	_	_	_	_	_	R-ARG0
49	BREYER	_	_	_	_	_	_	0	0	_	_	_	_	_	_	_	_	_	R-ARG0
50	joined	_	_	_	_	_	_	0	0	_	_	Y	V.04	_	_	_	_	_	R-ARG0
51	,	_	_	_	_	_	_	0	0	_	_	_	_	_	_	_	_	_	R-ARG0
52	and	_	_	_	_	_	_	0	0	_	_	_	_	_	_	_	_	_	R-ARG0
53	an	_	_	_	_	_	_	0	0	_	_	_	_	_	_	_	_	_	R-ARG0
54	opinion	_	_	_	_	_	_	0	0	_	_	_	_	_	_	_	_	_	R-ARG0
55	with	_	_	_	_	_	_	0	0	_	_	_	_	_	_	_	_	_	R-ARG0
56	respect	_	_	_	_	_	_	0	0	_	_	Y	V.02	_	_	_	_	_	R-ARG0
57	to	_	_	_	_	_	_	0	0	_	_	_	_	_	_	_	_	_	R-ARG0
58	Parts	_	_	_	_	_	_	0	0	_	_	_	_	_	_	_	_	_	R-ARG0
59	V	_	_	_	_	_	_	0	0	_	_	_	_	_	_	_	_	_	R-ARG0
60	and	_	_	_	_	_	_	0	0	_	_	_	_	_	_	_	_	_	R-ARG0
61	VI	_	_	_	_	_	_	0	0	_	_	_	_	_	_	_	_	_	R-ARG0
62	-	_	_	_	_	_	_	0	0	_	_	_	_	_	_	_	_	_	R-ARG0
63	D	_	_	_	_	_	_	0	0	_	_	_	_	_	_	_	_	_	R-ARG0
64	-	_	_	_	_	_	_	0	0	_	_	_	_	_	_	_	_	_	R-ARG0
65	iv	_	_	_	_	_	_	0	0	_	_	_	_	_	_	_	_	_	R-ARG0
66	,	_	_	_	_	_	_	0	0	_	_	_	_	_	_	_	_	_	R-ARG0
67	in	_	_	_	_	_	_	0	0	_	_	_	_	_	_	_	_	_	R-ARG0
68	which	_	_	_	_	_	_	0	0	_	_	_	_	_	_	_	_	_	R-ARG0
69	SOUTER	_	_	_	_	_	_	0	0	_	_	_	_	_	_	_	_	_	R-ARG0
70	,	_	_	_	_	_	_	0	0	_	_	_	_	_	_	_	_	_	R-ARG0
71	GINSBURG	_	_	_	_	_	_	0	0	_	_	_	_	_	_	_	_	_	R-ARG0
72	,	_	_	_	_	_	_	0	0	_	_	_	_	_	_	_	_	_	R-ARG0
73	and	_	_	_	_	_	_	0	0	_	_	_	_	_	_	_	_	_	R-ARG0
74	BREYER	_	_	_	_	_	_	0	0	_	_	_	_	_	_	_	_	_	R-ARG0
75	joined	_	_	_	_	_	_	0	0	_	_	Y	V.04	_	_	_	_	_	R-ARG0
76	.	_	_	_	_	_	_	0	0	_	_	_	_	_	_	_	_	_	R-ARG0

1	BREYER	_	_	_	_	_	_	0	0	_	_	_	_	_	_	R-ARG0
2	filed	_	_	_	_	_	_	0	0	_	_	Y	V.01	_	_	R-ARG0
3	a	_	_	_	_	_	_	0	0	_	_	_	_	_	_	R-ARG0
4	concurring	_	_	_	_	_	_	0	0	_	_	Y	V.01	_	_	R-ARG0
5	opinion	_	_	_	_	_	_	0	0	_	_	_	_	_	_	R-ARG0
6	,	_	_	_	_	_	_	0	0	_	_	_	_	_	_	R-ARG0
7	in	_	_	_	_	_	_	0	0	_	_	_	_	_	_	R-ARG0
8	which	_	_	_	_	_	_	0	0	_	_	_	_	_	_	R-ARG0
9	KENNEDY	_	_	_	_	_	_	0	0	_	_	_	_	_	_	R-ARG0
10	,	_	_	_	_	_	_	0	0	_	_	_	_	_	_	R-ARG0
11	SOUTER	_	_	_	_	_	_	0	0	_	_	_	_	_	_	R-ARG0
12	,	_	_	_	_	_	_	0	0	_	_	_	_	_	_	R-ARG0
13	and	_	_	_	_	_	_	0	0	_	_	_	_	_	_	R-ARG0
14	GINSBURG	_	_	_	_	_	_	0	0	_	_	_	_	_	_	R-ARG0
15	joined	_	_	_	_	_	_	0	0	_	_	Y	V.04	_	_	R-ARG0
16	.	_	_	_	_	_	_	0	0	_	_	_	_	_	_	R-ARG0

1	KENNEDY	_	_	_	_	_	_	7	7	_	_	_	_	R-ARG0	_	_
2	filed	_	_	_	_	_	_	7	7	_	_	Y	V.01	R-ARG0	_	_
3	an	_	_	_	_	_	_	7	7	_	_	_	_	R-ARG0	_	_
4	opinion	_	_	_	_	_	_	7	7	_	_	_	_	R-ARG0	_	_
5	concurring	_	_	_	_	_	_	7	7	_	_	Y	V.01	R-ARG0	_	_
6	in	_	_	_	_	_	_	7	7	_	_	_	_	R-ARG0	_	_
7	part	_	_	_	_	_	_	0	0	_	_	_	_	_	_	R-ARG0
8	,	_	_	_	_	_	_	0	0	_	_	_	_	_	_	R-ARG0
9	in	_	_	_	_	_	_	0	0	_	_	_	_	_	_	R-ARG0
10	which	_	_	_	_	_	_	0	0	_	_	_	_	_	_	R-ARG0
11	SOUTER	_	_	_	_	_	_	0	0	_	_	_	_	_	_	R-ARG0
12	,	_	_	_	_	_	_	0	0	_	_	_	_	_	_	R-ARG0
13	GINSBURG	_	_	_	_	_	_	0	0	_	_	_	_	_	_	R-ARG0
14	,	_	_	_	_	_	_	0	0	_	_	_	_	_	_	R-ARG0
15	and	_	_	_	_	_	_	0	0	_	_	_	_	_	_	R-ARG0
16	BREYER	_	_	_	_	_	_	0	0	_	_	_	_	_	_	R-ARG0
17	joined	_	_	_	_	_	_	0	0	_	_	Y	V.04	_	_	R-ARG0
18	as	_	_	_	_	_	_	0	0	_	_	_	_	_	_	R-ARG0
19	to	_	_	_	_	_	_	0	0	_	_	_	_	_	_	R-ARG0
20	Parts	_	_	_	_	_	_	0	0	_	_	_	_	_	_	R-ARG0
21	I	_	_	_	_	_	_	0	0	_	_	_	_	_	_	R-ARG0
22	and	_	_	_	_	_	_	0	0	_	_	_	_	_	_	R-ARG0
23	II	_	_	_	_	_	_	0	0	_	_	_	_	_	_	R-ARG0
24	.	_	_	_	_	_	_	0	0	_	_	_	_	_	_	R-ARG0

1	SCALIA	_	_	_	_	_	_	0	0	_	_	_	_	_	R-ARG0
2	filed	_	_	_	_	_	_	0	0	_	_	Y	V.01	_	R-ARG0
3	a	_	_	_	_	_	_	0	0	_	_	_	_	_	R-ARG0
4	dissenting	_	_	_	_	_	_	0	0	_	_	_	_	_	R-ARG0
5	opinion	_	_	_	_	_	_	0	0	_	_	_	_	_	R-ARG0
6	,	_	_	_	_	_	_	0	0	_	_	_	_	_	R-ARG0
7	in	_	_	_	_	_	_	0	0	_	_	_	_	_	R-ARG0
8	which	_	_	_	_	_	_	0	0	_	_	_	_	_	R-ARG0
9	THOMAS	_	_	_	_	_	_	0	0	_	_	_	_	_	R-ARG0
10	and	_	_	_	_	_	_	0	0	_	_	_	_	_	R-ARG0
11	ALITO	_	_	_	_	_	_	0	0	_	_	_	_	_	R-ARG0
12	joined	_	_	_	_	_	_	0	0	_	_	Y	V.04	_	R-ARG0
13	.	_	_	_	_	_	_	0	0	_	_	_	_	_	R-ARG0

1	THOMAS	_	_	_	_	_	_	0	0	_	_	_	_	_	_	R-ARG0
2	filed	_	_	_	_	_	_	0	0	_	_	Y	V.01	_	_	R-ARG0
3	a	_	_	_	_	_	_	0	0	_	_	_	_	_	_	R-ARG0
4	dissenting	_	_	_	_	_	_	0	0	_	_	_	_	_	_	R-ARG0
5	opinion	_	_	_	_	_	_	0	0	_	_	_	_	_	_	R-ARG0
6	,	_	_	_	_	_	_	0	0	_	_	_	_	_	_	R-ARG0
7	in	_	_	_	_	_	_	0	0	_	_	_	_	_	_	R-ARG0
8	which	_	_	_	_	_	_	0	0	_	_	_	_	_	_	R-ARG0
9	SCALIA	_	_	_	_	_	_	0	0	_	_	_	_	_	_	R-ARG0
10	joined	_	_	_	_	_	_	0	0	_	_	Y	V.04	_	_	R-ARG0
11	,	_	_	_	_	_	_	0	0	_	_	_	_	_	_	R-ARG0
12	and	_	_	_	_	_	_	0	0	_	_	_	_	_	_	R-ARG0
13	in	_	_	_	_	_	_	0	0	_	_	_	_	_	_	R-ARG0
14	which	_	_	_	_	_	_	0	0	_	_	_	_	_	_	R-ARG0
15	ALITO	_	_	_	_	_	_	0	0	_	_	_	_	_	_	R-ARG0
16	joined	_	_	_	_	_	_	0	0	_	_	Y	V.04	_	_	R-ARG0
17	as	_	_	_	_	_	_	0	0	_	_	_	_	_	_	R-ARG0
18	to	_	_	_	_	_	_	0	0	_	_	_	_	_	_	R-ARG0
19	all	_	_	_	_	_	_	0	0	_	_	_	_	_	_	R-ARG0
20	but	_	_	_	_	_	_	0	0	_	_	_	_	_	_	R-ARG0
21	Parts	_	_	_	_	_	_	0	0	_	_	_	_	_	_	R-ARG0
22	I	_	_	_	_	_	_	0	0	_	_	_	_	_	_	R-ARG0
23	,	_	_	_	_	_	_	0	0	_	_	_	_	_	_	R-ARG0
24	II	_	_	_	_	_	_	0	0	_	_	_	_	_	_	R-ARG0
25	-	_	_	_	_	_	_	0	0	_	_	_	_	_	_	R-ARG0
26	C	_	_	_	_	_	_	0	0	_	_	_	_	_	_	R-ARG0
27	-	_	_	_	_	_	_	0	0	_	_	_	_	_	_	R-ARG0
28	1	_	_	_	_	_	_	0	0	_	_	_	_	_	_	R-ARG0
29	,	_	_	_	_	_	_	0	0	_	_	_	_	_	_	R-ARG0
30	and	_	_	_	_	_	_	0	0	_	_	_	_	_	_	R-ARG0
31	III	_	_	_	_	_	_	0	0	_	_	_	_	_	_	R-ARG0
32	-	_	_	_	_	_	_	0	0	_	_	_	_	_	_	R-ARG0
33	B	_	_	_	_	_	_	0	0	_	_	_	_	_	_	R-ARG0
34	-	_	_	_	_	_	_	0	0	_	_	_	_	_	_	R-ARG0
35	2	_	_	_	_	_	_	0	0	_	_	_	_	_	_	R-ARG0
36	.	_	_	_	_	_	_	0	0	_	_	_	_	_	_	R-ARG0

1	ALITO	_	_	_	_	_	_	0	0	_	_	_	_	_	R-ARG0
2	filed	_	_	_	_	_	_	0	0	_	_	Y	V.01	_	R-ARG0
3	a	_	_	_	_	_	_	0	0	_	_	_	_	_	R-ARG0
4	dissenting	_	_	_	_	_	_	0	0	_	_	_	_	_	R-ARG0
5	opinion	_	_	_	_	_	_	0	0	_	_	_	_	_	R-ARG0
6	,	_	_	_	_	_	_	0	0	_	_	_	_	_	R-ARG0
7	in	_	_	_	_	_	_	0	0	_	_	_	_	_	R-ARG0
8	which	_	_	_	_	_	_	0	0	_	_	_	_	_	R-ARG0
9	SCALIA	_	_	_	_	_	_	0	0	_	_	_	_	_	R-ARG0
10	and	_	_	_	_	_	_	0	0	_	_	_	_	_	R-ARG0
11	THOMAS	_	_	_	_	_	_	0	0	_	_	_	_	_	R-ARG0
12	joined	_	_	_	_	_	_	0	0	_	_	Y	V.04	_	R-ARG0
13	as	_	_	_	_	_	_	0	0	_	_	_	_	_	R-ARG0
14	to	_	_	_	_	_	_	0	0	_	_	_	_	_	R-ARG0
15	Parts	_	_	_	_	_	_	0	0	_	_	_	_	_	R-ARG0
16	I	_	_	_	_	_	_	0	0	_	_	_	_	_	R-ARG0
17	through	_	_	_	_	_	_	0	0	_	_	_	_	_	R-ARG0
18	III	_	_	_	_	_	_	0	0	_	_	_	_	_	R-ARG0
19	.	_	_	_	_	_	_	0	0	_	_	_	_	_	R-ARG0

1	It	_	_	_	_	_	_	6	6	_	_	_	_	R-ARG0	_	_
2	will	_	_	_	_	_	_	6	6	_	_	_	_	R-ARG0	_	_
3	take	_	_	_	_	_	_	6	6	_	_	Y	V.10	R-ARG0	_	_
4	me	_	_	_	_	_	_	6	6	_	_	_	_	R-ARG0	_	_
5	a	_	_	_	_	_	_	6	6	_	_	_	_	R-ARG0	_	_
6	little	_	_	_	_	_	_	11	11	_	_	_	_	R-ARG0	_	_
7	while	_	_	_	_	_	_	11	11	_	_	_	_	R-ARG0	_	_
8	to	_	_	_	_	_	_	11	11	_	_	_	_	R-ARG0	_	_
9	read	_	_	_	_	_	_	11	11	_	_	Y	V.01	R-ARG0	_	_
10	the	_	_	_	_	_	_	11	11	_	_	_	_	R-ARG0	_	_
11	whole	_	_	_	_	_	_	0	0	_	_	_	_	_	_	R-ARG0
12	thing	_	_	_	_	_	_	0	0	_	_	_	_	_	_	R-ARG0
13	,	_	_	_	_	_	_	0	0	_	_	_	_	_	_	R-ARG0
14	but	_	_	_	_	_	_	0	0	_	_	_	_	_	_	R-ARG0
15	I	_	_	_	_	_	_	0	0	_	_	_	_	_	_	R-ARG0
16	rarely	_	_	_	_	_	_	0	0	_	_	_	_	_	_	R-ARG0
17	agree	_	_	_	_	_	_	0	0	_	_	Y	V.01	_	_	R-ARG0
18	with	_	_	_	_	_	_	0	0	_	_	_	_	_	_	R-ARG0
19	a	_	_	_	_	_	_	0	0	_	_	_	_	_	_	R-ARG0
20	John	_	_	_	_	_	_	0	0	_	_	_	_	_	_	R-ARG0
21	Paul	_	_	_	_	_	_	0	0	_	_	_	_	_	_	R-ARG0
22	Stevens	_	_	_	_	_	_	0	0	_	_	_	_	_	_	R-ARG0
23	opinion	_	_	_	_	_	_	0	0	_	_	_	_	_	_	R-ARG0
24	.	_	_	_	_	_	_	0	0	_	_	_	_	_	_	R-ARG0

1	I	_	_	_	_	_	_	13	13	_	_	_	_	_	_	_	R-ARG0
2	'll	_	_	_	_	_	_	13	13	_	_	_	_	_	_	_	R-ARG0
3	post	_	_	_	_	_	_	13	13	_	_	Y	V.01	_	_	_	R-ARG0
4	highlights	_	_	_	_	_	_	13	13	_	_	_	_	_	_	_	R-ARG0
5	from	_	_	_	_	_	_	13	13	_	_	_	_	_	_	_	R-ARG0
6	the	_	_	_	_	_	_	13	13	_	_	_	_	_	_	_	R-ARG0
7	opinion	_	_	_	_	_	_	13	13	_	_	_	_	_	_	_	R-ARG0
8	and	_	_	_	_	_	_	13	13	_	_	_	_	_	_	_	R-ARG0
9	dissents	_	_	_	_	_	_	13	13	_	_	Y	V.01	_	_	_	R-ARG0
10	when	_	_	_	_	_	_	13	13	_	_	_	_	_	_	_	R-ARG0
11	I	_	_	_	_	_	_	13	13	_	_	_	_	_	_	_	R-ARG0
12	'm	_	_	_	_	_	_	13	13	_	_	Y	V.01	_	_	_	R-ARG0
13	finished	_	_	_	_	_	_	0	0	_	_	Y	V.01	_	_	_	R-ARG0
14	.	_	_	_	_	_	_	0	0	_	_	_	_	_	_	_	R-ARG0

1	Important	_	_	_	_	_	_	3	3	_	_	_	_	R-ARG0	_	_	_	_	_	_	_	_	_
2	news	_	_	_	_	_	_	3	3	_	_	_	_	R-ARG0	_	_	_	_	_	_	_	_	_
3	such	_	_	_	_	_	_	8	8	_	_	_	_	R-ARG0	_	_	_	_	_	_	_	_	_
4	as	_	_	_	_	_	_	8	8	_	_	_	_	R-ARG0	_	_	_	_	_	_	_	_	_
5	President	_	_	_	_	_	_	8	8	_	_	_	_	R-ARG0	_	_	_	_	_	_	_	_	_
6	Bush	_	_	_	_	_	_	8	8	_	_	_	_	R-ARG0	_	_	_	_	_	_	_	_	_
7	's	_	_	_	_	_	_	8	8	_	_	_	_	R-ARG0	_	_	_	_	_	_	_	_	_
8	miniscule	_	_	_	_	_	_	15	15	_	_	_	_	R-ARG0	_	_	_	_	_	_	_	_	_
9	calibrations	_	_	_	_	_	_	15	15	_	_	_	_	R-ARG0	_	_	_	_	_	_	_	_	_
10	on	_	_	_	_	_	_	15	15	_	_	_	_	R-ARG0	_	_	_	_	_	_	_	_	_
11	his	_	_	_	_	_	_	15	15	_	_	_	_	R-ARG0	_	_	_	_	_	_	_	_	_
12	marriage	_	_	_	_	_	_	15	15	_	_	_	_	R-ARG0	_	_	_	_	_	_	_	_	_
13	amendment	_	_	_	_	_	_	15	15	_	_	Y	V.01	R-ARG0	_	_	_	_	_	_	_	_	_
14	/	_	_	_	_	_	_	15	15	_	_	_	_	R-ARG0	_	_	_	_	_	_	_	_	_
15	anti-gay	_	_	_	_	_	_	57	57	_	_	_	_	R-ARG0	_	_	_	_	_	_	_	_	_
16	(	_	_	_	_	_	_	57	57	_	_	_	_	R-ARG0	_	_	_	_	_	_	_	_	_
17	update	_	_	_	_	_	_	57	57	_	_	Y	V.02	R-ARG0	_	_	_	_	_	_	_	_	_
18	:	_	_	_	_	_	_	57	57	_	_	_	_	R-ARG0	_	_	_	_	_	_	_	_	_
19	he	_	_	_	_	_	_	57	57	_	_	_	_	R-ARG0	_	_	_	_	_	_	_	_	_
20	's	_	_	_	_	_	_	57	57	_	_	Y	V.01	R-ARG0	_	_	_	_	_	_	_	_	_
21	not	_	_	_	_	_	_	57	57	_	_	_	_	R-ARG0	_	_	_	_	_	_	_	_	_
22	against	_	_	_	_	_	_	57	57	_	_	_	_	R-ARG0	_	_	_	_	_	_	_	_	_
23	gays	_	_	_	_	_	_	57	57	_	_	_	_	R-ARG0	_	_	_	_	_	_	_	_	_
24	in	_	_	_	_	_	_	57	57	_	_	_	_	R-ARG0	_	_	_	_	_	_	_	_	_
25	the	_	_	_	_	_	_	57	57	_	_	_	_	R-ARG0	_	_	_	_	_	_	_	_	_
26	bedroom	_	_	_	_	_	_	57	57	_	_	_	_	R-ARG0	_	_	_	_	_	_	_	_	_
27	,	_	_	_	_	_	_	57	57	_	_	_	_	R-ARG0	_	_	_	_	_	_	_	_	_
28	just	_	_	_	_	_	_	57	57	_	_	_	_	R-ARG0	_	_	_	_	_	_	_	_	_
29	at	_	_	_	_	_	_	57	57	_	_	_	_	R-ARG0	_	_	_	_	_	_	_	_	_
30	the	_	_	_	_	_	_	57	57	_	_	_	_	R-ARG0	_	_	_	_	_	_	_	_	_
31	altar	_	_	_	_	_	_	57	57	_	_	_	_	R-ARG0	_	_	_	_	_	_	_	_	_
32	,	_	_	_	_	_	_	57	57	_	_	_	_	R-ARG0	_	_	_	_	_	_	_	_	_
33	where	_	_	_	_	_	_	57	57	_	_	_	_	R-ARG0	_	_	_	_	_	_	_	_	_
34	of	_	_	_	_	_	_	57	57	_	_	_	_	R-ARG0	_	_	_	_	_	_	_	_	_
35	course	_	_	_	_	_	_	57	57	_	_	_	_	R-ARG0	_	_	_	_	_	_	_	_	_
36	their	_	_	_	_	_	_	57	57	_	_	_	_	R-ARG0	_	_	_	_	_	_	_	_	_
37	relationships	_	_	_	_	_	_	57	57	_	_	Y	V.03	R-ARG0	_	_	_	_	_	_	_	_	_
38	should	_	_	_	_	_	_	57	57	_	_	_	_	R-ARG0	_	_	_	_	_	_	_	_	_
39	not	_	_	_	_	_	_	57	57	_	_	_	_	R-ARG0	_	_	_	_	_	_	_	_	_
40	only	_	_	_	_	_	_	57	57	_	_	_	_	R-ARG0	_	_	_	_	_	_	_	_	_
41	be	_	_	_	_	_	_	57	57	_	_	Y	V.03	R-ARG0	_	_	_	_	_	_	_	_	_
42	frowned	_	_	_	_	_	_	57	57	_	_	Y	V.02	R-ARG0	_	_	_	_	_	_	_	_	_
43	upon	_	_	_	_	_	_	57	57	_	_	_	_	R-ARG0	_	_	_	_	_	_	_	_	_
44	but	_	_	_	_	_	_	57	57	_	_	_	_	R-ARG0	_	_	_	_	_	_	_	_	_
45	should	_	_	_	_	_	_	57	57	_	_	_	_	R-ARG0	_	_	_	_	_	_	_	_	_
46	be	_	_	_	_	_	_	57	57	_	_	Y	V.03	R-ARG0	_	_	_	_	_	_	_	_	_
47	constitutionally	_	_	_	_	_	_	0	0	_	_	_	_	_	_	_	_	_	_	_	_	_	_
48	excluded	_	_	_	_	_	_	0	0	_	_	Y	V.01	_	_	_	_	_	_	_	_	_	_
49	)	_	_	_	_	_	_	57	57	_	_	_	_	R-ARG0	_	_	_	_	_	_	_	_	_
50	has	_	_	_	_	_	_	57	57	_	_	Y	V.01	R-ARG0	_	_	_	_	_	_	_	_	_
51	pushed	_	_	_	_	_	_	57	57	_	_	Y	V.01	R-ARG0	_	_	_	_	_	_	_	_	_
52	Sudan	_	_	_	_	_	_	57	57	_	_	_	_	R-ARG0	_	_	_	_	_	_	_	_	_
53	not	_	_	_	_	_	_	57	57	_	_	_	_	R-ARG0	_	_	_	_	_	_	_	_	_
54	just	_	_	_	_	_	_	57	57	_	_	_	_	R-ARG0	_	_	_	_	_	_	_	_	_
55	off	_	_	_	_	_	_	57	57	_	_	_	_	R-ARG0	_	_	_	_	_	_	_	_	_
56	the	_	_	_	_	_	_	57	57	_	_	_	_	R-ARG0	_	_	_	_	_	_	_	_	_
57	front	_	_	_	_	_	_	0	0	_	_	_	_	_	_	_	_	_	_	_	_	_	R-ARG0
58	pages	_	_	_	_	_	_	0	0	_	_	_	_	_	_	_	_	_	_	_	_	_	R-ARG0
59	,	_	_	_	_	_	_	0	0	_	_	_	_	_	_	_	_	_	_	_	_	_	R-ARG0
60	or	_	_	_	_	_	_	0	0	_	_	_	_	_	_	_	_	_	_	_	_	_	R-ARG0
61	the	_	_	_	_	_	_	0	0	_	_	_	_	_	_	_	_	_	_	_	_	_	R-ARG0
62	A	_	_	_	_	_	_	0	0	_	_	_	_	_	_	_	_	_	_	_	_	_	R-ARG0
63	section	_	_	_	_	_	_	0	0	_	_	_	_	_	_	_	_	_	_	_	_	_	R-ARG0
64	,	_	_	_	_	_	_	0	0	_	_	_	_	_	_	_	_	_	_	_	_	_	R-ARG0
65	but	_	_	_	_	_	_	0	0	_	_	_	_	_	_	_	_	_	_	_	_	_	R-ARG0
66	out	_	_	_	_	_	_	0	0	_	_	_	_	_	_	_	_	_	_	_	_	_	R-ARG0
67	of	_	_	_	_	_	_	0	0	_	_	_	_	_	_	_	_	_	_	_	_	_	R-ARG0
68	the	_	_	_	_	_	_	0	0	_	_	_	_	_	_	_	_	_	_	_	_	_	R-ARG0
69	NY	_	_	_	_	_	_	0	0	_	_	_	_	_	_	_	_	_	_	_	_	_	R-ARG0
70	Times	_	_	_	_	_	_	0	0	_	_	_	_	_	_	_	_	_	_	_	_	_	R-ARG0
71	and	_	_	_	_	_	_	0	0	_	_	_	_	_	_	_	_	_	_	_	_	_	R-ARG0
72	Washington	_	_	_	_	_	_	0	0	_	_	_	_	_	_	_	_	_	_	_	_	_	R-ARG0
73	Post	_	_	_	_	_	_	0	0	_	_	_	_	_	_	_	_	_	_	_	_	_	R-ARG0
74	completely	_	_	_	_	_	_	0	0	_	_	_	_	_	_	_	_	_	_	_	_	_	R-ARG0
75	.	_	_	_	_	_	_	0	0	_	_	_	_	_	_	_	_	_	_	_	_	_	_

1	I	_	_	_	_	_	_	0	0	_	_	_	_	_	_	R-ARG0
2	had	_	_	_	_	_	_	0	0	_	_	Y	V.02	_	_	R-ARG0
3	to	_	_	_	_	_	_	0	0	_	_	_	_	_	_	R-ARG0
4	go	_	_	_	_	_	_	0	0	_	_	Y	V.02	_	_	R-ARG0
5	to	_	_	_	_	_	_	0	0	_	_	_	_	_	_	R-ARG0
6	the	_	_	_	_	_	_	0	0	_	_	_	_	_	_	R-ARG0
7	BBC	_	_	_	_	_	_	0	0	_	_	_	_	_	_	R-ARG0
8	for	_	_	_	_	_	_	0	0	_	_	_	_	_	_	R-ARG0
9	this	_	_	_	_	_	_	0	0	_	_	_	_	_	_	R-ARG0
10	report	_	_	_	_	_	_	0	0	_	_	Y	V.01	_	_	R-ARG0
11	.	_	_	_	_	_	_	0	0	_	_	_	_	_	_	R-ARG0

1	It	_	_	_	_	_	_	3	3	_	_	_	_	_	R-ARG0	_	_	_	_	_	_
2	's	_	_	_	_	_	_	3	3	_	_	Y	V.01	_	R-ARG0	_	_	_	_	_	_
3	symptomatic	_	_	_	_	_	_	10	10	_	_	Y	V.01	R-ARG0	_	_	_	_	_	_	_
4	,	_	_	_	_	_	_	10	10	_	_	_	_	R-ARG0	_	_	_	_	_	_	_
5	I	_	_	_	_	_	_	10	10	_	_	_	_	R-ARG0	_	_	_	_	_	_	_
6	suppose	_	_	_	_	_	_	10	10	_	_	Y	V.01	R-ARG0	_	_	_	_	_	_	_
7	,	_	_	_	_	_	_	10	10	_	_	_	_	R-ARG0	_	_	_	_	_	_	_
8	of	_	_	_	_	_	_	10	10	_	_	_	_	R-ARG0	_	_	_	_	_	_	_
9	our	_	_	_	_	_	_	10	10	_	_	_	_	R-ARG0	_	_	_	_	_	_	_
10	fast	_	_	_	_	_	_	23	23	_	_	_	_	R-ARG0	_	_	_	_	_	_	_
11	-	_	_	_	_	_	_	23	23	_	_	_	_	R-ARG0	_	_	_	_	_	_	_
12	paced	_	_	_	_	_	_	23	23	_	_	_	_	R-ARG0	_	_	_	_	_	_	_
13	,	_	_	_	_	_	_	23	23	_	_	_	_	R-ARG0	_	_	_	_	_	_	_
14	24	_	_	_	_	_	_	23	23	_	_	_	_	R-ARG0	_	_	_	_	_	_	_
15	hour	_	_	_	_	_	_	23	23	_	_	_	_	R-ARG0	_	_	_	_	_	_	_
16	news	_	_	_	_	_	_	23	23	_	_	_	_	R-ARG0	_	_	_	_	_	_	_
17	-	_	_	_	_	_	_	23	23	_	_	_	_	R-ARG0	_	_	_	_	_	_	_
18	cycle	_	_	_	_	_	_	23	23	_	_	_	_	R-ARG0	_	_	_	_	_	_	_
19	lives	_	_	_	_	_	_	23	23	_	_	_	_	R-ARG0	_	_	_	_	_	_	_
20	,	_	_	_	_	_	_	23	23	_	_	_	_	R-ARG0	_	_	_	_	_	_	_
21	that	_	_	_	_	_	_	23	23	_	_	_	_	R-ARG0	_	_	_	_	_	_	_
22	the	_	_	_	_	_	_	23	23	_	_	_	_	R-ARG0	_	_	_	_	_	_	_
23	biggest	_	_	_	_	_	_	24	24	_	_	_	_	R-ARG0	_	_	_	_	_	_	_
24	short	_	_	_	_	_	_	27	27	_	_	_	_	R-ARG0	_	_	_	_	_	_	_
25	-	_	_	_	_	_	_	27	27	_	_	_	_	R-ARG0	_	_	_	_	_	_	_
26	term	_	_	_	_	_	_	27	27	_	_	_	_	R-ARG0	_	_	_	_	_	_	_
27	humanitarian	_	_	_	_	_	_	43	43	_	_	_	_	_	_	_	_	_	_	R-ARG0	_
28	crisis	_	_	_	_	_	_	43	43	_	_	_	_	_	_	_	_	_	_	R-ARG0	_
29	in	_	_	_	_	_	_	43	43	_	_	_	_	_	_	_	_	_	_	R-ARG0	_
30	the	_	_	_	_	_	_	43	43	_	_	_	_	_	_	_	_	_	_	R-ARG0	_
31	world	_	_	_	_	_	_	43	43	_	_	_	_	_	_	_	_	_	_	R-ARG0	_
32	would	_	_	_	_	_	_	43	43	_	_	_	_	_	_	_	_	_	_	R-ARG0	_
33	quickly	_	_	_	_	_	_	43	43	_	_	_	_	_	_	_	_	_	_	R-ARG0	_
34	be	_	_	_	_	_	_	43	43	_	_	Y	V.03	_	_	_	_	_	_	R-ARG0	_
35	eclipsed	_	_	_	_	_	_	43	43	_	_	Y	V.01	_	_	_	_	_	_	R-ARG0	_
36	,	_	_	_	_	_	_	43	43	_	_	_	_	_	_	_	_	_	_	R-ARG0	_
37	once	_	_	_	_	_	_	43	43	_	_	_	_	_	_	_	_	_	_	R-ARG0	_
38	our	_	_	_	_	_	_	43	43	_	_	_	_	_	_	_	_	_	_	R-ARG0	_
39	Secretary	_	_	_	_	_	_	43	43	_	_	_	_	_	_	_	_	_	_	R-ARG0	_
40	of	_	_	_	_	_	_	43	43	_	_	_	_	_	_	_	_	_	_	R-ARG0	_
41	State	_	_	_	_	_	_	43	43	_	_	_	_	_	_	_	_	_	_	R-ARG0	_
42	was	_	_	_	_	_	_	43	43	_	_	Y	V.01	_	_	_	_	_	_	R-ARG0	_
43	finished	_	_	_	_	_	_	0	0	_	_	Y	V.01	_	_	_	_	_	_	_	R-ARG0
44	with	_	_	_	_	_	_	0	0	_	_	_	_	_	_	_	_	_	_	_	R-ARG0
45	his	_	_	_	_	_	_	0	0	_	_	_	_	_	_	_	_	_	_	_	R-ARG0
46	whirlwind	_	_	_	_	_	_	0	0	_	_	_	_	_	_	_	_	_	_	_	R-ARG0
47	tour	_	_	_	_	_	_	0	0	_	_	Y	V.01	_	_	_	_	_	_	_	R-ARG0
48	,	_	_	_	_	_	_	0	0	_	_	_	_	_	_	_	_	_	_	_	R-ARG0
49	from	_	_	_	_	_	_	0	0	_	_	_	_	_	_	_	_	_	_	_	R-ARG0
50	the	_	_	_	_	_	_	0	0	_	_	_	_	_	_	_	_	_	_	_	R-ARG0
51	newspapers	_	_	_	_	_	_	0	0	_	_	_	_	_	_	_	_	_	_	_	R-ARG0
52	.	_	_	_	_	_	_	0	0	_	_	_	_	_	_	_	_	_	_	_	_

1	It	_	_	_	_	_	_	4	4	_	_	_	_	_	R-ARG0
2	's	_	_	_	_	_	_	4	4	_	_	Y	V.01	_	R-ARG0
3	just	_	_	_	_	_	_	4	4	_	_	_	_	_	R-ARG0
4	disappointing	_	_	_	_	_	_	0	0	_	_	Y	V.01	_	R-ARG0
5	.	_	_	_	_	_	_	0	0	_	_	_	_	_	R-ARG0

1	Most	_	_	_	_	_	_	2	2	_	_	_	_	R-ARG0	_	_	_	_	_
2	troubling	_	_	_	_	_	_	11	11	_	_	_	_	R-ARG0	_	_	_	_	_
3	,	_	_	_	_	_	_	11	11	_	_	_	_	R-ARG0	_	_	_	_	_
4	however	_	_	_	_	_	_	11	11	_	_	_	_	R-ARG0	_	_	_	_	_
5	,	_	_	_	_	_	_	11	11	_	_	_	_	R-ARG0	_	_	_	_	_
6	is	_	_	_	_	_	_	11	11	_	_	Y	V.01	R-ARG0	_	_	_	_	_
7	the	_	_	_	_	_	_	11	11	_	_	_	_	R-ARG0	_	_	_	_	_
8	fact	_	_	_	_	_	_	11	11	_	_	_	_	R-ARG0	_	_	_	_	_
9	that	_	_	_	_	_	_	11	11	_	_	_	_	R-ARG0	_	_	_	_	_
10	the	_	_	_	_	_	_	11	11	_	_	_	_	R-ARG0	_	_	_	_	_
11	political	_	_	_	_	_	_	19	19	_	_	_	_	R-ARG0	_	_	_	_	_
12	will	_	_	_	_	_	_	19	19	_	_	_	_	R-ARG0	_	_	_	_	_
13	to	_	_	_	_	_	_	19	19	_	_	_	_	R-ARG0	_	_	_	_	_
14	end	_	_	_	_	_	_	19	19	_	_	Y	V.01	R-ARG0	_	_	_	_	_
15	the	_	_	_	_	_	_	19	19	_	_	_	_	R-ARG0	_	_	_	_	_
16	crisis	_	_	_	_	_	_	19	19	_	_	_	_	R-ARG0	_	_	_	_	_
17	expressed	_	_	_	_	_	_	19	19	_	_	Y	V.01	R-ARG0	_	_	_	_	_
18	a	_	_	_	_	_	_	19	19	_	_	_	_	R-ARG0	_	_	_	_	_
19	few	_	_	_	_	_	_	20	20	_	_	_	_	R-ARG0	_	_	_	_	_
20	short	_	_	_	_	_	_	0	0	_	_	_	_	_	_	_	_	_	R-ARG0
21	weeks	_	_	_	_	_	_	0	0	_	_	_	_	_	_	_	_	_	R-ARG0
22	ago	_	_	_	_	_	_	0	0	_	_	_	_	_	_	_	_	_	R-ARG0
23	seems	_	_	_	_	_	_	0	0	_	_	Y	V.01	_	_	_	_	_	R-ARG0
24	to	_	_	_	_	_	_	0	0	_	_	_	_	_	_	_	_	_	R-ARG0
25	have	_	_	_	_	_	_	0	0	_	_	Y	V.01	_	_	_	_	_	R-ARG0
26	ebbed	_	_	_	_	_	_	0	0	_	_	Y	V.01	_	_	_	_	_	R-ARG0
27	.	_	_	_	_	_	_	0	0	_	_	_	_	_	_	_	_	_	R-ARG0

1	At	_	_	_	_	_	_	17	17	_	_	_	_	R-ARG0	_	_	_	_
2	that	_	_	_	_	_	_	17	17	_	_	_	_	R-ARG0	_	_	_	_
3	time	_	_	_	_	_	_	17	17	_	_	_	_	R-ARG0	_	_	_	_
4	,	_	_	_	_	_	_	17	17	_	_	_	_	R-ARG0	_	_	_	_
5	UN	_	_	_	_	_	_	17	17	_	_	_	_	R-ARG0	_	_	_	_
6	Secretary	_	_	_	_	_	_	17	17	_	_	_	_	R-ARG0	_	_	_	_
7	General	_	_	_	_	_	_	17	17	_	_	_	_	R-ARG0	_	_	_	_
8	Kofi	_	_	_	_	_	_	17	17	_	_	_	_	R-ARG0	_	_	_	_
9	Annan	_	_	_	_	_	_	17	17	_	_	_	_	R-ARG0	_	_	_	_
10	demanded	_	_	_	_	_	_	17	17	_	_	Y	V.01	R-ARG0	_	_	_	_
11	steps	_	_	_	_	_	_	17	17	_	_	Y	V.01	R-ARG0	_	_	_	_
12	be	_	_	_	_	_	_	17	17	_	_	Y	V.03	R-ARG0	_	_	_	_
13	taken	_	_	_	_	_	_	17	17	_	_	Y	V.LV	R-ARG0	_	_	_	_
14	to	_	_	_	_	_	_	17	17	_	_	_	_	R-ARG0	_	_	_	_
15	end	_	_	_	_	_	_	17	17	_	_	Y	V.01	R-ARG0	_	_	_	_
16	the	_	_	_	_	_	_	17	17	_	_	_	_	R-ARG0	_	_	_	_
17	ethnic	_	_	_	_	_	_	0	0	_	_	_	_	_	_	_	_	R-ARG0
18	violence	_	_	_	_	_	_	0	0	_	_	_	_	_	_	_	_	R-ARG0
19	in	_	_	_	_	_	_	0	0	_	_	_	_	_	_	_	_	R-ARG0
20	Darfur	_	_	_	_	_	_	0	0	_	_	_	_	_	_	_	_	R-ARG0
21	within	_	_	_	_	_	_	0	0	_	_	_	_	_	_	_	_	R-ARG0
22	48	_	_	_	_	_	_	0	0	_	_	_	_	_	_	_	_	R-ARG0
23	hours	_	_	_	_	_	_	0	0	_	_	_	_	_	_	_	_	R-ARG0
24	.	_	_	_	_	_	_	0	0	_	_	_	_	_	_	_	_	R-ARG0

1	Two	_	_	_	_	_	_	0	0	_	_	_	_	R-ARG0
2	weeks	_	_	_	_	_	_	0	0	_	_	_	_	R-ARG0
3	later	_	_	_	_	_	_	0	0	_	_	_	_	R-ARG0
4	,	_	_	_	_	_	_	0	0	_	_	_	_	R-ARG0
5	and	_	_	_	_	_	_	0	0	_	_	_	_	R-ARG0
6	the	_	_	_	_	_	_	0	0	_	_	_	_	R-ARG0
7	violence	_	_	_	_	_	_	0	0	_	_	_	_	R-ARG0
8	continues	_	_	_	_	_	_	0	0	_	_	Y	V.01	R-ARG0
9	.	_	_	_	_	_	_	0	0	_	_	_	_	R-ARG0

1	The	_	_	_	_	_	_	0	0	_	_	_	_	_	_	_	_	_	R-ARG0
2	African	_	_	_	_	_	_	0	0	_	_	_	_	_	_	_	_	_	R-ARG0
3	Union	_	_	_	_	_	_	0	0	_	_	_	_	_	_	_	_	_	R-ARG0
4	is	_	_	_	_	_	_	0	0	_	_	Y	V.01	_	_	_	_	_	R-ARG0
5	clearly	_	_	_	_	_	_	0	0	_	_	_	_	_	_	_	_	_	R-ARG0
6	not	_	_	_	_	_	_	0	0	_	_	_	_	_	_	_	_	_	R-ARG0
7	up	_	_	_	_	_	_	0	0	_	_	_	_	_	_	_	_	_	R-ARG0
8	to	_	_	_	_	_	_	0	0	_	_	_	_	_	_	_	_	_	R-ARG0
9	the	_	_	_	_	_	_	0	0	_	_	_	_	_	_	_	_	_	R-ARG0
10	task	_	_	_	_	_	_	0	0	_	_	Y	V.01	_	_	_	_	_	R-ARG0
11	of	_	_	_	_	_	_	0	0	_	_	_	_	_	_	_	_	_	R-ARG0
12	keeping	_	_	_	_	_	_	0	0	_	_	Y	V.02	_	_	_	_	_	R-ARG0
13	the	_	_	_	_	_	_	0	0	_	_	_	_	_	_	_	_	_	R-ARG0
14	peace	_	_	_	_	_	_	0	0	_	_	Y	V.01	_	_	_	_	_	R-ARG0
15	,	_	_	_	_	_	_	0	0	_	_	_	_	_	_	_	_	_	R-ARG0
16	pledging	_	_	_	_	_	_	0	0	_	_	Y	V.01	_	_	_	_	_	R-ARG0
17	300	_	_	_	_	_	_	0	0	_	_	_	_	_	_	_	_	_	R-ARG0
18	troops	_	_	_	_	_	_	0	0	_	_	_	_	_	_	_	_	_	R-ARG0
19	to	_	_	_	_	_	_	0	0	_	_	_	_	_	_	_	_	_	R-ARG0
20	an	_	_	_	_	_	_	0	0	_	_	_	_	_	_	_	_	_	R-ARG0
21	area	_	_	_	_	_	_	0	0	_	_	_	_	_	_	_	_	_	R-ARG0
22	that	_	_	_	_	_	_	0	0	_	_	_	_	_	_	_	_	_	R-ARG0
23	will	_	_	_	_	_	_	0	0	_	_	_	_	_	_	_	_	_	R-ARG0
24	need	_	_	_	_	_	_	0	0	_	_	Y	V.01	_	_	_	_	_	R-ARG0
25	15,000	_	_	_	_	_	_	0	0	_	_	_	_	_	_	_	_	_	R-ARG0
26	,	_	_	_	_	_	_	0	0	_	_	_	_	_	_	_	_	_	R-ARG0
27	according	_	_	_	_	_	_	0	0	_	_	_	_	_	_	_	_	_	R-ARG0
28	to	_	_	_	_	_	_	0	0	_	_	_	_	_	_	_	_	_	R-ARG0
29	analysts	_	_	_	_	_	_	0	0	_	_	_	_	_	_	_	_	_	R-ARG0
30	.	_	_	_	_	_	_	0	0	_	_	_	_	_	_	_	_	_	R-ARG0

1	And	_	_	_	_	_	_	2	2	_	_	_	_	R-ARG0	_	_	_
2	international	_	_	_	_	_	_	19	19	_	_	_	_	R-ARG0	_	_	_
3	donors	_	_	_	_	_	_	19	19	_	_	_	_	R-ARG0	_	_	_
4	have	_	_	_	_	_	_	19	19	_	_	Y	V.01	R-ARG0	_	_	_
5	given	_	_	_	_	_	_	19	19	_	_	Y	V.01	R-ARG0	_	_	_
6	only	_	_	_	_	_	_	19	19	_	_	_	_	R-ARG0	_	_	_
7	half	_	_	_	_	_	_	19	19	_	_	_	_	R-ARG0	_	_	_
8	of	_	_	_	_	_	_	19	19	_	_	_	_	R-ARG0	_	_	_
9	the	_	_	_	_	_	_	19	19	_	_	_	_	R-ARG0	_	_	_
10	relief	_	_	_	_	_	_	19	19	_	_	_	_	R-ARG0	_	_	_
11	aid	_	_	_	_	_	_	19	19	_	_	Y	V.01	R-ARG0	_	_	_
12	that	_	_	_	_	_	_	19	19	_	_	_	_	R-ARG0	_	_	_
13	Darfur	_	_	_	_	_	_	19	19	_	_	_	_	R-ARG0	_	_	_
14	needs	_	_	_	_	_	_	19	19	_	_	Y	V.01	R-ARG0	_	_	_
15	,	_	_	_	_	_	_	19	19	_	_	_	_	R-ARG0	_	_	_
16	according	_	_	_	_	_	_	19	19	_	_	_	_	R-ARG0	_	_	_
17	to	_	_	_	_	_	_	19	19	_	_	_	_	R-ARG0	_	_	_
18	the	_	_	_	_	_	_	19	19	_	_	_	_	R-ARG0	_	_	_
19	local	_	_	_	_	_	_	0	0	_	_	_	_	_	_	_	R-ARG0
20	UN	_	_	_	_	_	_	0	0	_	_	_	_	_	_	_	R-ARG0
21	officials	_	_	_	_	_	_	0	0	_	_	_	_	_	_	_	R-ARG0
22	.	_	_	_	_	_	_	0	0	_	_	_	_	_	_	_	R-ARG0

1	So	_	_	_	_	_	_	12	12	_	_	_	_	R-ARG0	_	_	_
2	hear	_	_	_	_	_	_	12	12	_	_	_	_	R-ARG0	_	_	_
3	we	_	_	_	_	_	_	12	12	_	_	_	_	R-ARG0	_	_	_
4	are	_	_	_	_	_	_	12	12	_	_	Y	V.01	R-ARG0	_	_	_
5	,	_	_	_	_	_	_	12	12	_	_	_	_	R-ARG0	_	_	_
6	two	_	_	_	_	_	_	12	12	_	_	_	_	R-ARG0	_	_	_
7	weeks	_	_	_	_	_	_	12	12	_	_	_	_	R-ARG0	_	_	_
8	later	_	_	_	_	_	_	12	12	_	_	_	_	R-ARG0	_	_	_
9	,	_	_	_	_	_	_	12	12	_	_	_	_	R-ARG0	_	_	_
10	after	_	_	_	_	_	_	12	12	_	_	_	_	R-ARG0	_	_	_
11	that	_	_	_	_	_	_	12	12	_	_	_	_	R-ARG0	_	_	_
12	dazzling	_	_	_	_	_	_	33	33	_	_	_	_	_	_	_	R-ARG0
13	PR	_	_	_	_	_	_	33	33	_	_	_	_	_	_	_	R-ARG0
14	display	_	_	_	_	_	_	33	33	_	_	Y	V.01	_	_	_	R-ARG0
15	two	_	_	_	_	_	_	33	33	_	_	_	_	_	_	_	R-ARG0
16	weeks	_	_	_	_	_	_	33	33	_	_	_	_	_	_	_	R-ARG0
17	ago	_	_	_	_	_	_	33	33	_	_	_	_	_	_	_	R-ARG0
18	by	_	_	_	_	_	_	33	33	_	_	_	_	_	_	_	R-ARG0
19	Powell	_	_	_	_	_	_	33	33	_	_	_	_	_	_	_	R-ARG0
20	and	_	_	_	_	_	_	33	33	_	_	_	_	_	_	_	R-ARG0
21	Annan	_	_	_	_	_	_	33	33	_	_	_	_	_	_	_	R-ARG0
22	,	_	_	_	_	_	_	33	33	_	_	_	_	_	_	_	R-ARG0
23	and	_	_	_	_	_	_	33	33	_	_	_	_	_	_	_	R-ARG0
24	the	_	_	_	_	_	_	33	33	_	_	_	_	_	_	_	R-ARG0
25	situation	_	_	_	_	_	_	33	33	_	_	_	_	_	_	_	R-ARG0
26	on	_	_	_	_	_	_	33	33	_	_	_	_	_	_	_	R-ARG0
27	the	_	_	_	_	_	_	33	33	_	_	_	_	_	_	_	R-ARG0
28	ground	_	_	_	_	_	_	33	33	_	_	_	_	_	_	_	R-ARG0
29	in	_	_	_	_	_	_	33	33	_	_	_	_	_	_	_	R-ARG0
30	Darfur	_	_	_	_	_	_	33	33	_	_	_	_	_	_	_	R-ARG0
31	appears	_	_	_	_	_	_	33	33	_	_	Y	V.02	_	_	_	R-ARG0
32	basically	_	_	_	_	_	_	33	33	_	_	_	_	_	_	_	R-ARG0
33	unchanged	_	_	_	_	_	_	0	0	_	_	Y	V.01	_	_	_	R-ARG0
34	.	_	_	_	_	_	_	0	0	_	_	_	_	_	_	_	_

1	Warren	_	_	_	_	_	_	0	0	_	_	_	_	_	R-ARG0
2	Buffett	_	_	_	_	_	_	0	0	_	_	_	_	_	R-ARG0
3	is	_	_	_	_	_	_	0	0	_	_	Y	V.03	_	R-ARG0
4	giving	_	_	_	_	_	_	0	0	_	_	Y	V.02	_	R-ARG0
5	away	_	_	_	_	_	_	0	0	_	_	_	_	_	R-ARG0
6	85	_	_	_	_	_	_	0	0	_	_	_	_	_	R-ARG0
7	%	_	_	_	_	_	_	0	0	_	_	_	_	_	R-ARG0
8	of	_	_	_	_	_	_	0	0	_	_	_	_	_	R-ARG0
9	his	_	_	_	_	_	_	0	0	_	_	_	_	_	R-ARG0
10	wealth	_	_	_	_	_	_	0	0	_	_	_	_	_	R-ARG0
11	,	_	_	_	_	_	_	0	0	_	_	_	_	_	R-ARG0
12	mostly	_	_	_	_	_	_	0	0	_	_	_	_	_	R-ARG0
13	to	_	_	_	_	_	_	0	0	_	_	_	_	_	R-ARG0
14	the	_	_	_	_	_	_	0	0	_	_	_	_	_	R-ARG0
15	Bill	_	_	_	_	_	_	0	0	_	_	_	_	_	R-ARG0
16	and	_	_	_	_	_	_	0	0	_	_	_	_	_	R-ARG0
17	Melinda	_	_	_	_	_	_	0	0	_	_	_	_	_	R-ARG0
18	Gates	_	_	_	_	_	_	0	0	_	_	_	_	_	R-ARG0
19	Foundation	_	_	_	_	_	_	0	0	_	_	_	_	_	R-ARG0
20	.	_	_	_	_	_	_	0	0	_	_	_	_	_	R-ARG0

1	It	_	_	_	_	_	_	12	12	_	_	_	_	R-ARG0	_	_	_	_	_	_	_	_
2	's	_	_	_	_	_	_	12	12	_	_	Y	V.01	R-ARG0	_	_	_	_	_	_	_	_
3	a	_	_	_	_	_	_	12	12	_	_	_	_	R-ARG0	_	_	_	_	_	_	_	_
4	move	_	_	_	_	_	_	12	12	_	_	Y	V.01	R-ARG0	_	_	_	_	_	_	_	_
5	that	_	_	_	_	_	_	12	12	_	_	_	_	R-ARG0	_	_	_	_	_	_	_	_
6	really	_	_	_	_	_	_	12	12	_	_	_	_	R-ARG0	_	_	_	_	_	_	_	_
7	worries	_	_	_	_	_	_	12	12	_	_	Y	V.01	R-ARG0	_	_	_	_	_	_	_	_
8	me	_	_	_	_	_	_	12	12	_	_	_	_	R-ARG0	_	_	_	_	_	_	_	_
9	;	_	_	_	_	_	_	12	12	_	_	_	_	R-ARG0	_	_	_	_	_	_	_	_
10	Buffett	_	_	_	_	_	_	12	12	_	_	_	_	R-ARG0	_	_	_	_	_	_	_	_
11	's	_	_	_	_	_	_	12	12	_	_	_	_	R-ARG0	_	_	_	_	_	_	_	_
12	usual	_	_	_	_	_	_	16	16	_	_	_	_	R-ARG0	_	_	_	_	_	_	_	_
13	justification	_	_	_	_	_	_	16	16	_	_	Y	V.01	R-ARG0	_	_	_	_	_	_	_	_
14	for	_	_	_	_	_	_	16	16	_	_	_	_	R-ARG0	_	_	_	_	_	_	_	_
15	keeping	_	_	_	_	_	_	16	16	_	_	Y	V.01	R-ARG0	_	_	_	_	_	_	_	_
16	most	_	_	_	_	_	_	34	34	_	_	_	_	R-ARG0	_	_	_	_	_	_	_	_
17	of	_	_	_	_	_	_	34	34	_	_	_	_	R-ARG0	_	_	_	_	_	_	_	_
18	his	_	_	_	_	_	_	34	34	_	_	_	_	R-ARG0	_	_	_	_	_	_	_	_
19	money	_	_	_	_	_	_	34	34	_	_	_	_	R-ARG0	_	_	_	_	_	_	_	_
20	was	_	_	_	_	_	_	34	34	_	_	Y	V.01	R-ARG0	_	_	_	_	_	_	_	_
21	that	_	_	_	_	_	_	34	34	_	_	_	_	R-ARG0	_	_	_	_	_	_	_	_
22	he	_	_	_	_	_	_	34	34	_	_	_	_	R-ARG0	_	_	_	_	_	_	_	_
23	was	_	_	_	_	_	_	34	34	_	_	Y	V.03	R-ARG0	_	_	_	_	_	_	_	_
24	still	_	_	_	_	_	_	34	34	_	_	_	_	R-ARG0	_	_	_	_	_	_	_	_
25	compounding	_	_	_	_	_	_	34	34	_	_	Y	V.01	R-ARG0	_	_	_	_	_	_	_	_
26	the	_	_	_	_	_	_	34	34	_	_	_	_	R-ARG0	_	_	_	_	_	_	_	_
27	value	_	_	_	_	_	_	34	34	_	_	_	_	R-ARG0	_	_	_	_	_	_	_	_
28	of	_	_	_	_	_	_	34	34	_	_	_	_	R-ARG0	_	_	_	_	_	_	_	_
29	his	_	_	_	_	_	_	34	34	_	_	_	_	R-ARG0	_	_	_	_	_	_	_	_
30	fortune	_	_	_	_	_	_	34	34	_	_	_	_	R-ARG0	_	_	_	_	_	_	_	_
31	at	_	_	_	_	_	_	34	34	_	_	_	_	R-ARG0	_	_	_	_	_	_	_	_
32	a	_	_	_	_	_	_	34	34	_	_	_	_	R-ARG0	_	_	_	_	_	_	_	_
33	pretty	_	_	_	_	_	_	34	34	_	_	_	_	R-ARG0	_	_	_	_	_	_	_	_
34	high	_	_	_	_	_	_	44	44	_	_	_	_	R-ARG0	_	_	_	_	_	_	_	_
35	rate	_	_	_	_	_	_	44	44	_	_	_	_	R-ARG0	_	_	_	_	_	_	_	_
36	,	_	_	_	_	_	_	44	44	_	_	_	_	R-ARG0	_	_	_	_	_	_	_	_
37	so	_	_	_	_	_	_	44	44	_	_	_	_	R-ARG0	_	_	_	_	_	_	_	_
38	any	_	_	_	_	_	_	44	44	_	_	_	_	R-ARG0	_	_	_	_	_	_	_	_
39	gifts	_	_	_	_	_	_	44	44	_	_	_	_	R-ARG0	_	_	_	_	_	_	_	_
40	now	_	_	_	_	_	_	44	44	_	_	_	_	R-ARG0	_	_	_	_	_	_	_	_
41	would	_	_	_	_	_	_	44	44	_	_	_	_	R-ARG0	_	_	_	_	_	_	_	_
42	mean	_	_	_	_	_	_	44	44	_	_	Y	V.01	R-ARG0	_	_	_	_	_	_	_	_
43	significantly	_	_	_	_	_	_	44	44	_	_	_	_	R-ARG0	_	_	_	_	_	_	_	_
44	less	_	_	_	_	_	_	0	0	_	_	_	_	_	_	_	_	_	_	_	_	R-ARG0
45	money	_	_	_	_	_	_	0	0	_	_	_	_	_	_	_	_	_	_	_	_	R-ARG0
46	for	_	_	_	_	_	_	0	0	_	_	_	_	_	_	_	_	_	_	_	_	R-ARG0
47	the	_	_	_	_	_	_	0	0	_	_	_	_	_	_	_	_	_	_	_	_	R-ARG0
48	foundation	_	_	_	_	_	_	0	0	_	_	_	_	_	_	_	_	_	_	_	_	R-ARG0
49	later	_	_	_	_	_	_	0	0	_	_	_	_	_	_	_	_	_	_	_	_	R-ARG0
50	.	_	_	_	_	_	_	0	0	_	_	_	_	_	_	_	_	_	_	_	_	R-ARG0

1	It	_	_	_	_	_	_	4	4	_	_	_	_	R-ARG0	_	_	_	_	_	_	_
2	's	_	_	_	_	_	_	4	4	_	_	Y	V.01	R-ARG0	_	_	_	_	_	_	_
3	a	_	_	_	_	_	_	4	4	_	_	_	_	R-ARG0	_	_	_	_	_	_	_
4	little	_	_	_	_	_	_	5	5	_	_	_	_	_	R-ARG0	_	_	_	_	_	_
5	hard	_	_	_	_	_	_	14	14	_	_	Y	V.02	R-ARG0	_	_	_	_	_	_	_
6	to	_	_	_	_	_	_	14	14	_	_	_	_	R-ARG0	_	_	_	_	_	_	_
7	parse	_	_	_	_	_	_	14	14	_	_	Y	V.01	R-ARG0	_	_	_	_	_	_	_
8	,	_	_	_	_	_	_	14	14	_	_	_	_	R-ARG0	_	_	_	_	_	_	_
9	but	_	_	_	_	_	_	14	14	_	_	_	_	R-ARG0	_	_	_	_	_	_	_
10	at	_	_	_	_	_	_	14	14	_	_	_	_	R-ARG0	_	_	_	_	_	_	_
11	this	_	_	_	_	_	_	14	14	_	_	_	_	R-ARG0	_	_	_	_	_	_	_
12	point	_	_	_	_	_	_	14	14	_	_	_	_	R-ARG0	_	_	_	_	_	_	_
13	his	_	_	_	_	_	_	14	14	_	_	_	_	R-ARG0	_	_	_	_	_	_	_
14	ostensible	_	_	_	_	_	_	22	22	_	_	_	_	R-ARG0	_	_	_	_	_	_	_
15	view	_	_	_	_	_	_	22	22	_	_	Y	V.02	R-ARG0	_	_	_	_	_	_	_
16	is	_	_	_	_	_	_	22	22	_	_	Y	V.01	R-ARG0	_	_	_	_	_	_	_
17	that	_	_	_	_	_	_	22	22	_	_	_	_	R-ARG0	_	_	_	_	_	_	_
18	the	_	_	_	_	_	_	22	22	_	_	_	_	R-ARG0	_	_	_	_	_	_	_
19	Gateses	_	_	_	_	_	_	22	22	_	_	_	_	R-ARG0	_	_	_	_	_	_	_
20	are	_	_	_	_	_	_	22	22	_	_	Y	V.01	R-ARG0	_	_	_	_	_	_	_
21	very	_	_	_	_	_	_	22	22	_	_	_	_	R-ARG0	_	_	_	_	_	_	_
22	good	_	_	_	_	_	_	38	38	_	_	_	_	R-ARG0	_	_	_	_	_	_	_
23	money	_	_	_	_	_	_	38	38	_	_	_	_	R-ARG0	_	_	_	_	_	_	_
24	-	_	_	_	_	_	_	38	38	_	_	_	_	R-ARG0	_	_	_	_	_	_	_
25	redistributors	_	_	_	_	_	_	38	38	_	_	_	_	R-ARG0	_	_	_	_	_	_	_
26	,	_	_	_	_	_	_	38	38	_	_	_	_	R-ARG0	_	_	_	_	_	_	_
27	and	_	_	_	_	_	_	38	38	_	_	_	_	R-ARG0	_	_	_	_	_	_	_
28	he	_	_	_	_	_	_	38	38	_	_	_	_	R-ARG0	_	_	_	_	_	_	_
29	wants	_	_	_	_	_	_	38	38	_	_	Y	V.01	R-ARG0	_	_	_	_	_	_	_
30	them	_	_	_	_	_	_	38	38	_	_	_	_	R-ARG0	_	_	_	_	_	_	_
31	to	_	_	_	_	_	_	38	38	_	_	_	_	R-ARG0	_	_	_	_	_	_	_
32	have	_	_	_	_	_	_	38	38	_	_	Y	V.03	R-ARG0	_	_	_	_	_	_	_
33	the	_	_	_	_	_	_	38	38	_	_	_	_	R-ARG0	_	_	_	_	_	_	_
34	money	_	_	_	_	_	_	38	38	_	_	_	_	R-ARG0	_	_	_	_	_	_	_
35	as	_	_	_	_	_	_	38	38	_	_	_	_	R-ARG0	_	_	_	_	_	_	_
36	soon	_	_	_	_	_	_	38	38	_	_	_	_	R-ARG0	_	_	_	_	_	_	_
37	as	_	_	_	_	_	_	38	38	_	_	_	_	R-ARG0	_	_	_	_	_	_	_
38	possible	_	_	_	_	_	_	0	0	_	_	_	_	_	_	_	_	_	_	_	R-ARG0
39	.	_	_	_	_	_	_	0	0	_	_	_	_	_	_	_	_	_	_	_	R-ARG0

1	Which	_	_	_	_	_	_	7	7	_	_	_	_	_	_	R-ARG0	_	_	_
2	essentially	_	_	_	_	_	_	7	7	_	_	_	_	_	_	R-ARG0	_	_	_
3	sounds	_	_	_	_	_	_	7	7	_	_	Y	V.01	_	_	R-ARG0	_	_	_
4	like	_	_	_	_	_	_	7	7	_	_	_	_	_	_	R-ARG0	_	_	_
5	he	_	_	_	_	_	_	7	7	_	_	_	_	_	_	R-ARG0	_	_	_
6	's	_	_	_	_	_	_	7	7	_	_	Y	V.01	_	_	R-ARG0	_	_	_
7	worried	_	_	_	_	_	_	0	0	_	_	Y	V.01	_	_	_	_	_	R-ARG0
8	that	_	_	_	_	_	_	0	0	_	_	_	_	_	_	_	_	_	R-ARG0
9	Bill	_	_	_	_	_	_	0	0	_	_	_	_	_	_	_	_	_	R-ARG0
10	or	_	_	_	_	_	_	0	0	_	_	_	_	_	_	_	_	_	R-ARG0
11	Melinda	_	_	_	_	_	_	0	0	_	_	_	_	_	_	_	_	_	R-ARG0
12	are	_	_	_	_	_	_	0	0	_	_	Y	V.03	_	_	_	_	_	R-ARG0
13	going	_	_	_	_	_	_	0	0	_	_	Y	V.04	_	_	_	_	_	R-ARG0
14	to	_	_	_	_	_	_	0	0	_	_	_	_	_	_	_	_	_	R-ARG0
15	die	_	_	_	_	_	_	0	0	_	_	Y	V.01	_	_	_	_	_	R-ARG0
16	soon	_	_	_	_	_	_	0	0	_	_	_	_	_	_	_	_	_	R-ARG0
17	.	_	_	_	_	_	_	0	0	_	_	_	_	_	_	_	_	_	_

1	I	_	_	_	_	_	_	4	4	_	_	_	_	R-ARG0	_	_	_	_	_
2	assume	_	_	_	_	_	_	4	4	_	_	Y	V.02	R-ARG0	_	_	_	_	_
3	his	_	_	_	_	_	_	4	4	_	_	_	_	R-ARG0	_	_	_	_	_
4	actual	_	_	_	_	_	_	10	10	_	_	_	_	_	_	_	R-ARG0	_	_
5	reason	_	_	_	_	_	_	10	10	_	_	_	_	_	_	_	R-ARG0	_	_
6	is	_	_	_	_	_	_	10	10	_	_	Y	V.01	_	_	_	R-ARG0	_	_
7	that	_	_	_	_	_	_	10	10	_	_	_	_	_	_	_	R-ARG0	_	_
8	he	_	_	_	_	_	_	10	10	_	_	_	_	_	_	_	R-ARG0	_	_
9	's	_	_	_	_	_	_	10	10	_	_	Y	V.01	_	_	_	R-ARG0	_	_
10	worried	_	_	_	_	_	_	23	23	_	_	Y	V.01	R-ARG0	_	_	_	_	_
11	that	_	_	_	_	_	_	23	23	_	_	_	_	R-ARG0	_	_	_	_	_
12	Berkshire	_	_	_	_	_	_	23	23	_	_	_	_	R-ARG0	_	_	_	_	_
13	Hathaway	_	_	_	_	_	_	23	23	_	_	_	_	R-ARG0	_	_	_	_	_
14	just	_	_	_	_	_	_	23	23	_	_	_	_	R-ARG0	_	_	_	_	_
15	ca	_	_	_	_	_	_	23	23	_	_	_	_	R-ARG0	_	_	_	_	_
16	n't	_	_	_	_	_	_	23	23	_	_	_	_	R-ARG0	_	_	_	_	_
17	grow	_	_	_	_	_	_	23	23	_	_	Y	V.01	R-ARG0	_	_	_	_	_
18	quickly	_	_	_	_	_	_	23	23	_	_	_	_	R-ARG0	_	_	_	_	_
19	enough	_	_	_	_	_	_	23	23	_	_	_	_	R-ARG0	_	_	_	_	_
20	to	_	_	_	_	_	_	23	23	_	_	_	_	R-ARG0	_	_	_	_	_
21	justify	_	_	_	_	_	_	23	23	_	_	Y	V.01	R-ARG0	_	_	_	_	_
22	his	_	_	_	_	_	_	23	23	_	_	_	_	R-ARG0	_	_	_	_	_
23	usual	_	_	_	_	_	_	0	0	_	_	_	_	_	_	_	_	_	R-ARG0
24	charity	_	_	_	_	_	_	0	0	_	_	_	_	_	_	_	_	_	R-ARG0
25	policy	_	_	_	_	_	_	0	0	_	_	_	_	_	_	_	_	_	R-ARG0
26	.	_	_	_	_	_	_	0	0	_	_	_	_	_	_	_	_	_	R-ARG0

1	I	_	_	_	_	_	_	4	4	_	_	_	_	_	R-ARG0	_
2	'm	_	_	_	_	_	_	4	4	_	_	Y	V.01	_	R-ARG0	_
3	not	_	_	_	_	_	_	4	4	_	_	_	_	_	R-ARG0	_
4	sure	_	_	_	_	_	_	0	0	_	_	Y	V.02	_	_	R-ARG0
5	how	_	_	_	_	_	_	0	0	_	_	_	_	_	_	R-ARG0
6	the	_	_	_	_	_	_	0	0	_	_	_	_	_	_	R-ARG0
7	market	_	_	_	_	_	_	0	0	_	_	_	_	_	_	R-ARG0
8	will	_	_	_	_	_	_	0	0	_	_	_	_	_	_	R-ARG0
9	react	_	_	_	_	_	_	0	0	_	_	Y	V.01	_	_	R-ARG0
10	.	_	_	_	_	_	_	0	0	_	_	_	_	_	_	_

1	It	_	_	_	_	_	_	8	8	_	_	_	_	R-ARG0	_	_	_	_	_	_
2	does	_	_	_	_	_	_	8	8	_	_	Y	V.01	R-ARG0	_	_	_	_	_	_
3	n't	_	_	_	_	_	_	8	8	_	_	_	_	R-ARG0	_	_	_	_	_	_
4	change	_	_	_	_	_	_	8	8	_	_	Y	V.01	R-ARG0	_	_	_	_	_	_
5	the	_	_	_	_	_	_	8	8	_	_	_	_	R-ARG0	_	_	_	_	_	_
6	company	_	_	_	_	_	_	8	8	_	_	_	_	R-ARG0	_	_	_	_	_	_
7	's	_	_	_	_	_	_	8	8	_	_	_	_	R-ARG0	_	_	_	_	_	_
8	intrinsic	_	_	_	_	_	_	24	24	_	_	_	_	R-ARG0	_	_	_	_	_	_
9	worth	_	_	_	_	_	_	24	24	_	_	_	_	R-ARG0	_	_	_	_	_	_
10	,	_	_	_	_	_	_	24	24	_	_	_	_	R-ARG0	_	_	_	_	_	_
11	and	_	_	_	_	_	_	24	24	_	_	_	_	R-ARG0	_	_	_	_	_	_
12	as	_	_	_	_	_	_	24	24	_	_	_	_	R-ARG0	_	_	_	_	_	_
13	the	_	_	_	_	_	_	24	24	_	_	_	_	R-ARG0	_	_	_	_	_	_
14	article	_	_	_	_	_	_	24	24	_	_	_	_	R-ARG0	_	_	_	_	_	_
15	notes	_	_	_	_	_	_	24	24	_	_	Y	V.01	R-ARG0	_	_	_	_	_	_
16	,	_	_	_	_	_	_	24	24	_	_	_	_	R-ARG0	_	_	_	_	_	_
17	the	_	_	_	_	_	_	24	24	_	_	_	_	R-ARG0	_	_	_	_	_	_
18	company	_	_	_	_	_	_	24	24	_	_	_	_	R-ARG0	_	_	_	_	_	_
19	might	_	_	_	_	_	_	24	24	_	_	_	_	R-ARG0	_	_	_	_	_	_
20	be	_	_	_	_	_	_	24	24	_	_	Y	V.03	R-ARG0	_	_	_	_	_	_
21	added	_	_	_	_	_	_	24	24	_	_	Y	V.02	R-ARG0	_	_	_	_	_	_
22	to	_	_	_	_	_	_	24	24	_	_	_	_	R-ARG0	_	_	_	_	_	_
23	a	_	_	_	_	_	_	24	24	_	_	_	_	R-ARG0	_	_	_	_	_	_
24	major	_	_	_	_	_	_	31	31	_	_	_	_	R-ARG0	_	_	_	_	_	_
25	index	_	_	_	_	_	_	31	31	_	_	_	_	R-ARG0	_	_	_	_	_	_
26	once	_	_	_	_	_	_	31	31	_	_	_	_	R-ARG0	_	_	_	_	_	_
27	the	_	_	_	_	_	_	31	31	_	_	_	_	R-ARG0	_	_	_	_	_	_
28	shares	_	_	_	_	_	_	31	31	_	_	Y	V.01	R-ARG0	_	_	_	_	_	_
29	get	_	_	_	_	_	_	31	31	_	_	Y	V.03	R-ARG0	_	_	_	_	_	_
30	more	_	_	_	_	_	_	31	31	_	_	_	_	R-ARG0	_	_	_	_	_	_
31	liquid	_	_	_	_	_	_	0	0	_	_	_	_	_	_	_	_	_	_	R-ARG0
32	.	_	_	_	_	_	_	0	0	_	_	_	_	_	_	_	_	_	_	R-ARG0

1	On	_	_	_	_	_	_	3	3	_	_	_	_	R-ARG0	_	_	_	_	_
2	the	_	_	_	_	_	_	3	3	_	_	_	_	R-ARG0	_	_	_	_	_
3	other	_	_	_	_	_	_	15	15	_	_	_	_	R-ARG0	_	_	_	_	_
4	hand	_	_	_	_	_	_	15	15	_	_	_	_	R-ARG0	_	_	_	_	_
5	,	_	_	_	_	_	_	15	15	_	_	_	_	R-ARG0	_	_	_	_	_
6	this	_	_	_	_	_	_	15	15	_	_	_	_	R-ARG0	_	_	_	_	_
7	is	_	_	_	_	_	_	15	15	_	_	Y	V.01	R-ARG0	_	_	_	_	_
8	essentially	_	_	_	_	_	_	15	15	_	_	_	_	R-ARG0	_	_	_	_	_
9	a	_	_	_	_	_	_	15	15	_	_	_	_	R-ARG0	_	_	_	_	_
10	statement	_	_	_	_	_	_	15	15	_	_	Y	V.01	R-ARG0	_	_	_	_	_
11	that	_	_	_	_	_	_	15	15	_	_	_	_	R-ARG0	_	_	_	_	_
12	the	_	_	_	_	_	_	15	15	_	_	_	_	R-ARG0	_	_	_	_	_
13	company	_	_	_	_	_	_	15	15	_	_	_	_	R-ARG0	_	_	_	_	_
14	is	_	_	_	_	_	_	15	15	_	_	Y	V.01	R-ARG0	_	_	_	_	_
15	overpriced	_	_	_	_	_	_	29	29	_	_	_	_	R-ARG0	_	_	_	_	_
16	from	_	_	_	_	_	_	29	29	_	_	_	_	R-ARG0	_	_	_	_	_
17	the	_	_	_	_	_	_	29	29	_	_	_	_	R-ARG0	_	_	_	_	_
18	guy	_	_	_	_	_	_	29	29	_	_	_	_	R-ARG0	_	_	_	_	_
19	who	_	_	_	_	_	_	29	29	_	_	_	_	R-ARG0	_	_	_	_	_
20	knows	_	_	_	_	_	_	29	29	_	_	Y	V.01	R-ARG0	_	_	_	_	_
21	it	_	_	_	_	_	_	29	29	_	_	_	_	R-ARG0	_	_	_	_	_
22	best	_	_	_	_	_	_	29	29	_	_	_	_	R-ARG0	_	_	_	_	_
23	--	_	_	_	_	_	_	29	29	_	_	_	_	R-ARG0	_	_	_	_	_
24	and	_	_	_	_	_	_	29	29	_	_	_	_	R-ARG0	_	_	_	_	_
25	happens	_	_	_	_	_	_	29	29	_	_	Y	V.02	R-ARG0	_	_	_	_	_
26	to	_	_	_	_	_	_	29	29	_	_	_	_	R-ARG0	_	_	_	_	_
27	be	_	_	_	_	_	_	29	29	_	_	Y	V.01	R-ARG0	_	_	_	_	_
28	the	_	_	_	_	_	_	29	29	_	_	_	_	R-ARG0	_	_	_	_	_
29	best	_	_	_	_	_	_	33	33	_	_	_	_	R-ARG0	_	_	_	_	_
30	investor	_	_	_	_	_	_	33	33	_	_	_	_	R-ARG0	_	_	_	_	_
31	of	_	_	_	_	_	_	33	33	_	_	_	_	R-ARG0	_	_	_	_	_
32	the	_	_	_	_	_	_	33	33	_	_	_	_	R-ARG0	_	_	_	_	_
33	last	_	_	_	_	_	_	0	0	_	_	_	_	_	_	_	_	_	R-ARG0
34	century	_	_	_	_	_	_	0	0	_	_	_	_	_	_	_	_	_	R-ARG0
35	.	_	_	_	_	_	_	0	0	_	_	_	_	_	_	_	_	_	R-ARG0

1	em	_	_	_	_	_	_	11	11	_	_	_	_	R-ARG0	_	_	_	_	_	_
2	...	_	_	_	_	_	_	11	11	_	_	_	_	R-ARG0	_	_	_	_	_	_
3	no	_	_	_	_	_	_	11	11	_	_	_	_	R-ARG0	_	_	_	_	_	_
4	...	_	_	_	_	_	_	11	11	_	_	_	_	R-ARG0	_	_	_	_	_	_
5	the	_	_	_	_	_	_	11	11	_	_	_	_	R-ARG0	_	_	_	_	_	_
6	Gates	_	_	_	_	_	_	11	11	_	_	_	_	R-ARG0	_	_	_	_	_	_
7	foundation	_	_	_	_	_	_	11	11	_	_	_	_	R-ARG0	_	_	_	_	_	_
8	mainly	_	_	_	_	_	_	11	11	_	_	_	_	R-ARG0	_	_	_	_	_	_
9	invests	_	_	_	_	_	_	11	11	_	_	Y	V.01	R-ARG0	_	_	_	_	_	_
10	in	_	_	_	_	_	_	11	11	_	_	_	_	R-ARG0	_	_	_	_	_	_
11	medical	_	_	_	_	_	_	22	22	_	_	_	_	R-ARG0	_	_	_	_	_	_
12	research	_	_	_	_	_	_	22	22	_	_	Y	V.01	R-ARG0	_	_	_	_	_	_
13	and	_	_	_	_	_	_	22	22	_	_	_	_	R-ARG0	_	_	_	_	_	_
14	education	_	_	_	_	_	_	22	22	_	_	Y	V.01	R-ARG0	_	_	_	_	_	_
15	,	_	_	_	_	_	_	22	22	_	_	_	_	R-ARG0	_	_	_	_	_	_
16	that	_	_	_	_	_	_	22	22	_	_	_	_	R-ARG0	_	_	_	_	_	_
17	means	_	_	_	_	_	_	22	22	_	_	Y	V.01	R-ARG0	_	_	_	_	_	_
18	donating	_	_	_	_	_	_	22	22	_	_	Y	V.01	R-ARG0	_	_	_	_	_	_
19	now	_	_	_	_	_	_	22	22	_	_	_	_	R-ARG0	_	_	_	_	_	_
20	adds	_	_	_	_	_	_	22	22	_	_	Y	V.02	R-ARG0	_	_	_	_	_	_
21	a	_	_	_	_	_	_	22	22	_	_	_	_	R-ARG0	_	_	_	_	_	_
22	tremendous	_	_	_	_	_	_	0	0	_	_	_	_	_	_	_	_	_	_	R-ARG0
23	value	_	_	_	_	_	_	0	0	_	_	_	_	_	_	_	_	_	_	R-ARG0
24	compared	_	_	_	_	_	_	0	0	_	_	_	_	_	_	_	_	_	_	R-ARG0
25	to	_	_	_	_	_	_	0	0	_	_	_	_	_	_	_	_	_	_	R-ARG0
26	donating	_	_	_	_	_	_	0	0	_	_	Y	V.01	_	_	_	_	_	_	R-ARG0
27	in	_	_	_	_	_	_	0	0	_	_	_	_	_	_	_	_	_	_	R-ARG0
28	ten	_	_	_	_	_	_	0	0	_	_	_	_	_	_	_	_	_	_	R-ARG0
29	years	_	_	_	_	_	_	0	0	_	_	_	_	_	_	_	_	_	_	R-ARG0
30	.	_	_	_	_	_	_	0	0	_	_	_	_	_	_	_	_	_	_	R-ARG0

1	Because	_	_	_	_	_	_	11	11	_	_	_	_	R-ARG0	_
2	the	_	_	_	_	_	_	11	11	_	_	_	_	R-ARG0	_
3	10.000.000	_	_	_	_	_	_	11	11	_	_	_	_	R-ARG0	_
4	people	_	_	_	_	_	_	11	11	_	_	_	_	R-ARG0	_
5	dying	_	_	_	_	_	_	11	11	_	_	Y	V.01	R-ARG0	_
6	from	_	_	_	_	_	_	11	11	_	_	_	_	R-ARG0	_
7	malaria	_	_	_	_	_	_	11	11	_	_	_	_	R-ARG0	_
8	will	_	_	_	_	_	_	11	11	_	_	_	_	R-ARG0	_
9	otherwise	_	_	_	_	_	_	11	11	_	_	_	_	R-ARG0	_
10	be	_	_	_	_	_	_	11	11	_	_	Y	V.01	R-ARG0	_
11	dead	_	_	_	_	_	_	0	0	_	_	_	_	_	_
12	.	_	_	_	_	_	_	0	0	_	_	_	_	_	_

1	i.e	_	_	_	_	_	_	0	0	_	_	_	_	_
2	.	_	_	_	_	_	_	0	0	_	_	_	_	_

1	He	_	_	_	_	_	_	32	32	_	_	_	_	R-ARG0	_	_	_	_	_
2	's	_	_	_	_	_	_	32	32	_	_	Y	V.03	R-ARG0	_	_	_	_	_
3	not	_	_	_	_	_	_	32	32	_	_	_	_	R-ARG0	_	_	_	_	_
4	giving	_	_	_	_	_	_	32	32	_	_	Y	V.02	R-ARG0	_	_	_	_	_
5	85	_	_	_	_	_	_	32	32	_	_	_	_	R-ARG0	_	_	_	_	_
6	%	_	_	_	_	_	_	32	32	_	_	_	_	R-ARG0	_	_	_	_	_
7	away	_	_	_	_	_	_	32	32	_	_	_	_	R-ARG0	_	_	_	_	_
8	,	_	_	_	_	_	_	32	32	_	_	_	_	R-ARG0	_	_	_	_	_
9	he	_	_	_	_	_	_	32	32	_	_	_	_	R-ARG0	_	_	_	_	_
10	's	_	_	_	_	_	_	32	32	_	_	Y	V.03	R-ARG0	_	_	_	_	_
11	giving	_	_	_	_	_	_	32	32	_	_	Y	V.01	R-ARG0	_	_	_	_	_
12	a	_	_	_	_	_	_	32	32	_	_	_	_	R-ARG0	_	_	_	_	_
13	number	_	_	_	_	_	_	32	32	_	_	_	_	R-ARG0	_	_	_	_	_
14	of	_	_	_	_	_	_	32	32	_	_	_	_	R-ARG0	_	_	_	_	_
15	shares	_	_	_	_	_	_	32	32	_	_	Y	V.01	R-ARG0	_	_	_	_	_
16	each	_	_	_	_	_	_	32	32	_	_	_	_	R-ARG0	_	_	_	_	_
17	year	_	_	_	_	_	_	32	32	_	_	_	_	R-ARG0	_	_	_	_	_
18	that	_	_	_	_	_	_	32	32	_	_	_	_	R-ARG0	_	_	_	_	_
19	decrease	_	_	_	_	_	_	32	32	_	_	Y	V.01	R-ARG0	_	_	_	_	_
20	in	_	_	_	_	_	_	32	32	_	_	_	_	R-ARG0	_	_	_	_	_
21	number	_	_	_	_	_	_	32	32	_	_	_	_	R-ARG0	_	_	_	_	_
22	at	_	_	_	_	_	_	32	32	_	_	_	_	R-ARG0	_	_	_	_	_
23	the	_	_	_	_	_	_	32	32	_	_	_	_	R-ARG0	_	_	_	_	_
24	rate	_	_	_	_	_	_	32	32	_	_	_	_	R-ARG0	_	_	_	_	_
25	of	_	_	_	_	_	_	32	32	_	_	_	_	R-ARG0	_	_	_	_	_
26	5	_	_	_	_	_	_	32	32	_	_	_	_	R-ARG0	_	_	_	_	_
27	%	_	_	_	_	_	_	32	32	_	_	_	_	R-ARG0	_	_	_	_	_
28	a	_	_	_	_	_	_	32	32	_	_	_	_	R-ARG0	_	_	_	_	_
29	year	_	_	_	_	_	_	32	32	_	_	_	_	R-ARG0	_	_	_	_	_
30	(	_	_	_	_	_	_	32	32	_	_	_	_	R-ARG0	_	_	_	_	_
31	until	_	_	_	_	_	_	32	32	_	_	_	_	R-ARG0	_	_	_	_	_
32	gone	_	_	_	_	_	_	0	0	_	_	_	_	_	_	_	_	_	R-ARG0
33	?	_	_	_	_	_	_	0	0	_	_	_	_	_	_	_	_	_	R-ARG0
34	)	_	_	_	_	_	_	0	0	_	_	_	_	_	_	_	_	_	R-ARG0
35	.	_	_	_	_	_	_	0	0	_	_	_	_	_	_	_	_	_	R-ARG0

1	He	_	_	_	_	_	_	0	0	_	_	_	_	_	_	_	R-ARG0
2	mentions	_	_	_	_	_	_	0	0	_	_	Y	V.01	_	_	_	R-ARG0
3	his	_	_	_	_	_	_	0	0	_	_	_	_	_	_	_	R-ARG0
4	wife	_	_	_	_	_	_	0	0	_	_	_	_	_	_	_	R-ARG0
5	's	_	_	_	_	_	_	0	0	_	_	_	_	_	_	_	R-ARG0
6	death	_	_	_	_	_	_	0	0	_	_	Y	V.01	_	_	_	R-ARG0
7	having	_	_	_	_	_	_	0	0	_	_	Y	V.LV	_	_	_	R-ARG0
8	an	_	_	_	_	_	_	0	0	_	_	_	_	_	_	_	R-ARG0
9	effect	_	_	_	_	_	_	0	0	_	_	Y	V.01	_	_	_	R-ARG0
10	on	_	_	_	_	_	_	0	0	_	_	_	_	_	_	_	R-ARG0
11	him	_	_	_	_	_	_	0	0	_	_	_	_	_	_	_	R-ARG0
12	.	_	_	_	_	_	_	0	0	_	_	_	_	_	_	_	R-ARG0

1	It	_	_	_	_	_	_	4	4	_	_	_	_	_	R-ARG0	_	_	_	_	_	_	_	_	_
2	sounds	_	_	_	_	_	_	4	4	_	_	Y	V.01	_	R-ARG0	_	_	_	_	_	_	_	_	_
3	pretty	_	_	_	_	_	_	4	4	_	_	_	_	_	R-ARG0	_	_	_	_	_	_	_	_	_
4	rational	_	_	_	_	_	_	16	16	_	_	Y	V.02	R-ARG0	_	_	_	_	_	_	_	_	_	_
5	that	_	_	_	_	_	_	16	16	_	_	_	_	R-ARG0	_	_	_	_	_	_	_	_	_	_
6	he	_	_	_	_	_	_	16	16	_	_	_	_	R-ARG0	_	_	_	_	_	_	_	_	_	_
7	's	_	_	_	_	_	_	16	16	_	_	Y	V.03	R-ARG0	_	_	_	_	_	_	_	_	_	_
8	saying	_	_	_	_	_	_	16	16	_	_	Y	V.01	R-ARG0	_	_	_	_	_	_	_	_	_	_
9	that	_	_	_	_	_	_	16	16	_	_	_	_	R-ARG0	_	_	_	_	_	_	_	_	_	_
10	Bill	_	_	_	_	_	_	16	16	_	_	_	_	R-ARG0	_	_	_	_	_	_	_	_	_	_
11	and	_	_	_	_	_	_	16	16	_	_	_	_	R-ARG0	_	_	_	_	_	_	_	_	_	_
12	Melinda	_	_	_	_	_	_	16	16	_	_	_	_	R-ARG0	_	_	_	_	_	_	_	_	_	_
13	are	_	_	_	_	_	_	16	16	_	_	Y	V.01	R-ARG0	_	_	_	_	_	_	_	_	_	_
14	at	_	_	_	_	_	_	16	16	_	_	_	_	R-ARG0	_	_	_	_	_	_	_	_	_	_
15	a	_	_	_	_	_	_	16	16	_	_	_	_	R-ARG0	_	_	_	_	_	_	_	_	_	_
16	prime	_	_	_	_	_	_	27	27	_	_	_	_	R-ARG0	_	_	_	_	_	_	_	_	_	_
17	spot	_	_	_	_	_	_	27	27	_	_	_	_	R-ARG0	_	_	_	_	_	_	_	_	_	_
18	,	_	_	_	_	_	_	27	27	_	_	_	_	R-ARG0	_	_	_	_	_	_	_	_	_	_
19	so	_	_	_	_	_	_	27	27	_	_	_	_	R-ARG0	_	_	_	_	_	_	_	_	_	_
20	starting	_	_	_	_	_	_	27	27	_	_	Y	V.01	R-ARG0	_	_	_	_	_	_	_	_	_	_
21	the	_	_	_	_	_	_	27	27	_	_	_	_	R-ARG0	_	_	_	_	_	_	_	_	_	_
22	money	_	_	_	_	_	_	27	27	_	_	_	_	R-ARG0	_	_	_	_	_	_	_	_	_	_
23	hose	_	_	_	_	_	_	27	27	_	_	_	_	R-ARG0	_	_	_	_	_	_	_	_	_	_
24	now	_	_	_	_	_	_	27	27	_	_	_	_	R-ARG0	_	_	_	_	_	_	_	_	_	_
25	is	_	_	_	_	_	_	27	27	_	_	Y	V.01	R-ARG0	_	_	_	_	_	_	_	_	_	_
26	a	_	_	_	_	_	_	27	27	_	_	_	_	R-ARG0	_	_	_	_	_	_	_	_	_	_
27	good	_	_	_	_	_	_	35	35	_	_	_	_	R-ARG0	_	_	_	_	_	_	_	_	_	_
28	idea	_	_	_	_	_	_	35	35	_	_	_	_	R-ARG0	_	_	_	_	_	_	_	_	_	_
29	,	_	_	_	_	_	_	35	35	_	_	_	_	R-ARG0	_	_	_	_	_	_	_	_	_	_
30	but	_	_	_	_	_	_	35	35	_	_	_	_	R-ARG0	_	_	_	_	_	_	_	_	_	_
31	Buffet	_	_	_	_	_	_	35	35	_	_	_	_	R-ARG0	_	_	_	_	_	_	_	_	_	_
32	is	_	_	_	_	_	_	35	35	_	_	Y	V.03	R-ARG0	_	_	_	_	_	_	_	_	_	_
33	still	_	_	_	_	_	_	35	35	_	_	_	_	R-ARG0	_	_	_	_	_	_	_	_	_	_
34	keeping	_	_	_	_	_	_	35	35	_	_	Y	V.01	R-ARG0	_	_	_	_	_	_	_	_	_	_
35	most	_	_	_	_	_	_	0	0	_	_	_	_	_	_	_	_	_	_	_	_	_	_	R-ARG0
36	of	_	_	_	_	_	_	0	0	_	_	_	_	_	_	_	_	_	_	_	_	_	_	R-ARG0
37	his	_	_	_	_	_	_	0	0	_	_	_	_	_	_	_	_	_	_	_	_	_	_	R-ARG0
38	donation	_	_	_	_	_	_	0	0	_	_	Y	V.01	_	_	_	_	_	_	_	_	_	_	R-ARG0
39	inside	_	_	_	_	_	_	0	0	_	_	_	_	_	_	_	_	_	_	_	_	_	_	R-ARG0
40	of	_	_	_	_	_	_	0	0	_	_	_	_	_	_	_	_	_	_	_	_	_	_	R-ARG0
41	Berkshire	_	_	_	_	_	_	0	0	_	_	_	_	_	_	_	_	_	_	_	_	_	_	R-ARG0
42	where	_	_	_	_	_	_	0	0	_	_	_	_	_	_	_	_	_	_	_	_	_	_	R-ARG0
43	it	_	_	_	_	_	_	0	0	_	_	_	_	_	_	_	_	_	_	_	_	_	_	R-ARG0
44	will	_	_	_	_	_	_	0	0	_	_	_	_	_	_	_	_	_	_	_	_	_	_	R-ARG0
45	compound	_	_	_	_	_	_	0	0	_	_	Y	V.01	_	_	_	_	_	_	_	_	_	_	R-ARG0
46	.	_	_	_	_	_	_	0	0	_	_	_	_	_	_	_	_	_	_	_	_	_	_	_

1	Bill	_	_	_	_	_	_	9	9	_	_	_	_	R-ARG0	_	_
2	over	_	_	_	_	_	_	9	9	_	_	_	_	R-ARG0	_	_
3	at	_	_	_	_	_	_	9	9	_	_	_	_	R-ARG0	_	_
4	The	_	_	_	_	_	_	9	9	_	_	_	_	R-ARG0	_	_
5	Fourth	_	_	_	_	_	_	9	9	_	_	_	_	R-ARG0	_	_
6	Rail	_	_	_	_	_	_	9	9	_	_	_	_	R-ARG0	_	_
7	has	_	_	_	_	_	_	9	9	_	_	Y	V.03	R-ARG0	_	_
8	an	_	_	_	_	_	_	9	9	_	_	_	_	R-ARG0	_	_
9	excellent	_	_	_	_	_	_	21	21	_	_	_	_	R-ARG0	_	_
10	essay	_	_	_	_	_	_	21	21	_	_	_	_	R-ARG0	_	_
11	on	_	_	_	_	_	_	21	21	_	_	_	_	R-ARG0	_	_
12	how	_	_	_	_	_	_	21	21	_	_	_	_	R-ARG0	_	_
13	the	_	_	_	_	_	_	21	21	_	_	_	_	R-ARG0	_	_
14	MSM	_	_	_	_	_	_	21	21	_	_	_	_	R-ARG0	_	_
15	and	_	_	_	_	_	_	21	21	_	_	_	_	R-ARG0	_	_
16	the	_	_	_	_	_	_	21	21	_	_	_	_	R-ARG0	_	_
17	UN	_	_	_	_	_	_	21	21	_	_	_	_	R-ARG0	_	_
18	,	_	_	_	_	_	_	21	21	_	_	_	_	R-ARG0	_	_
19	even	_	_	_	_	_	_	21	21	_	_	_	_	R-ARG0	_	_
20	the	_	_	_	_	_	_	21	21	_	_	_	_	R-ARG0	_	_
21	leftist	_	_	_	_	_	_	29	29	_	_	_	_	R-ARG0	_	_
22	countries	_	_	_	_	_	_	29	29	_	_	_	_	R-ARG0	_	_
23	in	_	_	_	_	_	_	29	29	_	_	_	_	R-ARG0	_	_
24	Europe	_	_	_	_	_	_	29	29	_	_	_	_	R-ARG0	_	_
25	,	_	_	_	_	_	_	29	29	_	_	_	_	R-ARG0	_	_
26	are	_	_	_	_	_	_	29	29	_	_	Y	V.03	R-ARG0	_	_
27	basically	_	_	_	_	_	_	29	29	_	_	_	_	R-ARG0	_	_
28	accepting	_	_	_	_	_	_	29	29	_	_	Y	V.01	R-ARG0	_	_
29	terrorist	_	_	_	_	_	_	32	32	_	_	_	_	R-ARG0	_	_
30	organizations	_	_	_	_	_	_	32	32	_	_	_	_	R-ARG0	_	_
31	as	_	_	_	_	_	_	32	32	_	_	_	_	R-ARG0	_	_
32	legitimate	_	_	_	_	_	_	36	36	_	_	_	_	R-ARG0	_	_
33	forms	_	_	_	_	_	_	36	36	_	_	_	_	R-ARG0	_	_
34	of	_	_	_	_	_	_	36	36	_	_	_	_	R-ARG0	_	_
35	a	_	_	_	_	_	_	36	36	_	_	_	_	R-ARG0	_	_
36	political	_	_	_	_	_	_	0	0	_	_	_	_	_	_	R-ARG0
37	party	_	_	_	_	_	_	0	0	_	_	_	_	_	_	R-ARG0
38	:	_	_	_	_	_	_	0	0	_	_	_	_	_	_	R-ARG0

1	On	_	_	_	_	_	_	3	3	_	_	_	_	R-ARG0	_	_	_	_	_
2	the	_	_	_	_	_	_	3	3	_	_	_	_	R-ARG0	_	_	_	_	_
3	same	_	_	_	_	_	_	15	15	_	_	_	_	R-ARG0	_	_	_	_	_
4	day	_	_	_	_	_	_	15	15	_	_	_	_	R-ARG0	_	_	_	_	_
5	Palestinians	_	_	_	_	_	_	15	15	_	_	_	_	R-ARG0	_	_	_	_	_
6	protest	_	_	_	_	_	_	15	15	_	_	Y	V.01	R-ARG0	_	_	_	_	_
7	in	_	_	_	_	_	_	15	15	_	_	_	_	R-ARG0	_	_	_	_	_
8	support	_	_	_	_	_	_	15	15	_	_	Y	V.01	R-ARG0	_	_	_	_	_
9	of	_	_	_	_	_	_	15	15	_	_	_	_	R-ARG0	_	_	_	_	_
10	Hezbollah	_	_	_	_	_	_	0	0	_	_	_	_	_	_	_	_	_	_
11	and	_	_	_	_	_	_	15	15	_	_	_	_	R-ARG0	_	_	_	_	_
12	Syria	_	_	_	_	_	_	15	15	_	_	_	_	R-ARG0	_	_	_	_	_
13	,	_	_	_	_	_	_	15	15	_	_	_	_	R-ARG0	_	_	_	_	_
14	the	_	_	_	_	_	_	15	15	_	_	_	_	R-ARG0	_	_	_	_	_
15	terrorist	_	_	_	_	_	_	26	26	_	_	_	_	R-ARG0	_	_	_	_	_
16	group	_	_	_	_	_	_	0	0	_	_	_	_	_	_	_	_	_	_
17	Hamas	_	_	_	_	_	_	0	0	_	_	_	_	_	_	_	_	_	_
18	has	_	_	_	_	_	_	26	26	_	_	Y	V.01	R-ARG0	_	_	_	_	_
19	indicated	_	_	_	_	_	_	26	26	_	_	Y	V.01	R-ARG0	_	_	_	_	_
20	it	_	_	_	_	_	_	26	26	_	_	_	_	R-ARG0	_	_	_	_	_
21	will	_	_	_	_	_	_	26	26	_	_	_	_	R-ARG0	_	_	_	_	_
22	participate	_	_	_	_	_	_	26	26	_	_	Y	V.01	R-ARG0	_	_	_	_	_
23	in	_	_	_	_	_	_	26	26	_	_	_	_	R-ARG0	_	_	_	_	_
24	the	_	_	_	_	_	_	26	26	_	_	_	_	R-ARG0	_	_	_	_	_
25	scheduled	_	_	_	_	_	_	26	26	_	_	_	_	R-ARG0	_	_	_	_	_
26	upcoming	_	_	_	_	_	_	27	27	_	_	_	_	R-ARG0	_	_	_	_	_
27	Parliamentary	_	_	_	_	_	_	0	0	_	_	_	_	_	_	_	_	_	R-ARG0
28	elections	_	_	_	_	_	_	0	0	_	_	Y	V.01	_	_	_	_	_	R-ARG0
29	.	_	_	_	_	_	_	0	0	_	_	_	_	_	_	_	_	_	R-ARG0

1	To	_	_	_	_	_	_	9	9	_	_	_	_	R-ARG0	_	_	_	_
2	the	_	_	_	_	_	_	9	9	_	_	_	_	R-ARG0	_	_	_	_
3	north	_	_	_	_	_	_	9	9	_	_	_	_	R-ARG0	_	_	_	_
4	in	_	_	_	_	_	_	9	9	_	_	_	_	R-ARG0	_	_	_	_
5	Lebanon	_	_	_	_	_	_	9	9	_	_	_	_	R-ARG0	_	_	_	_
6	,	_	_	_	_	_	_	9	9	_	_	_	_	R-ARG0	_	_	_	_
7	there	_	_	_	_	_	_	9	9	_	_	_	_	R-ARG0	_	_	_	_
8	is	_	_	_	_	_	_	9	9	_	_	Y	V.02	R-ARG0	_	_	_	_
9	serious	_	_	_	_	_	_	16	16	_	_	_	_	R-ARG0	_	_	_	_
10	debate	_	_	_	_	_	_	16	16	_	_	Y	V.01	R-ARG0	_	_	_	_
11	within	_	_	_	_	_	_	16	16	_	_	_	_	R-ARG0	_	_	_	_
12	Hezbollah	_	_	_	_	_	_	16	16	_	_	_	_	R-ARG0	_	_	_	_
13	about	_	_	_	_	_	_	16	16	_	_	_	_	R-ARG0	_	_	_	_
14	entering	_	_	_	_	_	_	16	16	_	_	Y	V.01	R-ARG0	_	_	_	_
15	the	_	_	_	_	_	_	16	16	_	_	_	_	R-ARG0	_	_	_	_
16	Lebanese	_	_	_	_	_	_	17	17	_	_	_	_	R-ARG0	_	_	_	_
17	political	_	_	_	_	_	_	0	0	_	_	_	_	_	_	_	_	R-ARG0
18	process	_	_	_	_	_	_	0	0	_	_	Y	V.02	_	_	_	_	R-ARG0
19	in	_	_	_	_	_	_	0	0	_	_	_	_	_	_	_	_	R-ARG0
20	light	_	_	_	_	_	_	0	0	_	_	_	_	_	_	_	_	R-ARG0
21	of	_	_	_	_	_	_	0	0	_	_	_	_	_	_	_	_	R-ARG0
22	Syria	_	_	_	_	_	_	0	0	_	_	_	_	_	_	_	_	R-ARG0
23	's	_	_	_	_	_	_	0	0	_	_	_	_	_	_	_	_	R-ARG0
24	promised	_	_	_	_	_	_	0	0	_	_	_	_	_	_	_	_	R-ARG0
25	withdrawal	_	_	_	_	_	_	0	0	_	_	Y	V.01	_	_	_	_	R-ARG0
26	.	_	_	_	_	_	_	0	0	_	_	_	_	_	_	_	_	R-ARG0

1	Syria	_	_	_	_	_	_	0	0	_	_	_	_	_	_	_	_	_	R-ARG0
2	has	_	_	_	_	_	_	0	0	_	_	Y	V.01	_	_	_	_	_	R-ARG0
3	agreed	_	_	_	_	_	_	0	0	_	_	Y	V.01	_	_	_	_	_	R-ARG0
4	to	_	_	_	_	_	_	0	0	_	_	_	_	_	_	_	_	_	R-ARG0
5	withdraw	_	_	_	_	_	_	0	0	_	_	Y	V.01	_	_	_	_	_	R-ARG0
6	under	_	_	_	_	_	_	0	0	_	_	_	_	_	_	_	_	_	R-ARG0
7	the	_	_	_	_	_	_	0	0	_	_	_	_	_	_	_	_	_	R-ARG0
8	conditions	_	_	_	_	_	_	0	0	_	_	_	_	_	_	_	_	_	R-ARG0
9	set	_	_	_	_	_	_	0	0	_	_	Y	V.02	_	_	_	_	_	R-ARG0
10	forth	_	_	_	_	_	_	0	0	_	_	_	_	_	_	_	_	_	R-ARG0
11	in	_	_	_	_	_	_	0	0	_	_	_	_	_	_	_	_	_	R-ARG0
12	UNSC	_	_	_	_	_	_	0	0	_	_	_	_	_	_	_	_	_	R-ARG0
13	Resolution	_	_	_	_	_	_	0	0	_	_	_	_	_	_	_	_	_	R-ARG0
14	1559	_	_	_	_	_	_	0	0	_	_	_	_	_	_	_	_	_	R-ARG0
15	,	_	_	_	_	_	_	0	0	_	_	_	_	_	_	_	_	_	R-ARG0
16	which	_	_	_	_	_	_	0	0	_	_	_	_	_	_	_	_	_	R-ARG0
17	has	_	_	_	_	_	_	0	0	_	_	Y	V.01	_	_	_	_	_	R-ARG0
18	already	_	_	_	_	_	_	0	0	_	_	_	_	_	_	_	_	_	R-ARG0
19	begun	_	_	_	_	_	_	0	0	_	_	Y	V.01	_	_	_	_	_	R-ARG0
20	.	_	_	_	_	_	_	0	0	_	_	_	_	_	_	_	_	_	R-ARG0

